Filename,Label_2015,XMin_2015,YMin_2015,XMax_2015,YMax_2015,Area_2015,Label_2016,XMin_2016,YMin_2016,XMax_2016,YMax_2016,Area_2016,Percentage_Decrease
tile_10000_11500.png(6),Lake,0.626271,0.4081935,0.74711174,0.5958366,0.022674927,Lake,0.30688614,0.7037329,0.34830254,0.72461295,0.0008647764,96.1861998497283
tile_10000_11500.png(18),Lake,0.44051123,0.18361016,0.53191006,0.32224894,0.012671423,Lake,0.70711225,0.20512556,0.74284333,0.24266417,0.0013412952,89.41480211022866
tile_10000_12000.png(3),Lake,0.13652234,0.5681528,0.19384126,0.630737,0.0035872604,Lake,0.2282331,0.8729443,0.26431885,0.8941843,0.0007664613,78.63379809282873
tile_10000_5000.png(1),Lake,0.015097499,0.093972325,0.23046581,0.5869775,0.10617769,Lake,0.41391364,0.105718255,0.48785123,0.15519372,0.0036580965,96.55474092532998
tile_10000_5000.png(7),Lake,0.0065055015,0.0,0.31689152,0.58267117,0.180853,Lake,0.57508737,0.49955115,0.63092965,0.5324647,0.0018379668,98.9837233554323
tile_10000_5000.png(9),Lake,0.008234478,0.028116776,0.2535641,0.44810677,0.10303599,Lake,0.329294,0.031588737,0.3673693,0.052875128,0.0008104857,99.21339553295891
tile_10000_5000.png(10),Lake,0.05404082,0.30462715,0.23424006,0.5686521,0.047577094,Lake,0.66353863,0.6490551,0.7308027,0.6805828,0.0021206816,95.54264159135066
tile_10000_5000.png(14),Lake,0.010574347,0.11904349,0.16995314,0.3101847,0.030463852,Lake,0.5469124,0.07680261,0.57744944,0.10270065,0.0007908502,97.40397176299308
tile_1000_4000.png(7),Lake,0.29931918,0.42908716,0.41894242,0.47773954,0.0058199554,Lake,0.7913314,0.487224,0.8393659,0.51353437,0.0012638044,78.2849813591355
tile_1000_4500.png(1),Lake,0.26366636,0.65212005,0.3528304,0.73767483,0.0076284106,Lake,0.019860633,0.47965786,0.04655428,0.5055235,0.00069044833,90.94898837773626
tile_1000_4500.png(7),Lake,0.29953977,0.6622843,0.34588864,0.72163266,0.0027507287,Lake,0.5187766,0.60152256,0.54867935,0.62568295,0.0007224621,73.73561049477543
tile_10500_10000.png(13),Lake,0.37026182,0.26667076,0.39721537,0.30197954,0.0009516969,0,0.0,0.0,0.0,0.0,0.0,100.0
tile_10500_10000.png(14),Lake,0.37693983,0.25845096,0.40631542,0.2830752,0.00072335196,0,0.0,0.0,0.0,0.0,0.0,100.0
tile_10500_10000.png(15),Lake,0.3612921,0.25457737,0.39769855,0.28843462,0.0012326228,0,0.0,0.0,0.0,0.0,0.0,100.0
tile_10500_11500.png(8),Lake,0.56118715,0.5424782,0.6594139,0.6022293,0.0058691544,Lake,0.86247045,0.53832185,0.8897501,0.57703656,0.0010561246,82.0055066194885
tile_10500_11500.png(11),Lake,0.52967,0.41899395,0.57800454,0.54671174,0.0061731804,0,0.0,0.0,0.0,0.0,0.0,100.0
tile_10500_11500.png(12),Lake,0.64176446,0.24696699,0.7067443,0.2741818,0.0017684153,0,0.0,0.0,0.0,0.0,0.0,100.0
tile_10500_11500.png(13),Lake,0.5966441,0.54475254,0.65337145,0.60192484,0.003243233,0,0.0,0.0,0.0,0.0,0.0,100.0
tile_10500_11500.png(14),Lake,0.6271252,0.16801034,0.6592452,0.19229652,0.0007800719,0,0.0,0.0,0.0,0.0,0.0,100.0
tile_10500_11500.png(15),Lake,0.6428699,0.23857768,0.735424,0.2712323,0.0030223194,0,0.0,0.0,0.0,0.0,0.0,100.0
tile_10500_11500.png(16),Lake,0.606826,0.5401922,0.65807104,0.58947045,0.002525266,0,0.0,0.0,0.0,0.0,0.0,100.0
tile_10500_11500.png(17),Lake,0.9320346,0.44735536,0.98933727,0.47479898,0.0015725921,0,0.0,0.0,0.0,0.0,0.0,100.0
tile_10500_11500.png(18),Lake,0.93941766,0.4535872,0.98089314,0.48579383,0.001335785,0,0.0,0.0,0.0,0.0,0.0,100.0
tile_10500_12000.png(2),Lake,0.017374326,0.6028803,0.2287209,0.81150115,0.044091303,Lake,0.010067189,0.6866686,0.08475856,0.77532667,0.0066219945,84.98117758053102
tile_10500_12000.png(15),Lake,0.12777261,0.67380446,0.1525472,0.6902256,0.00040682685,0,0.0,0.0,0.0,0.0,0.0,100.0
tile_10500_12000.png(16),Lake,0.29740703,0.101059906,0.33302802,0.12782387,0.00095335895,0,0.0,0.0,0.0,0.0,0.0,100.0
tile_10500_12000.png(17),Lake,0.8443224,0.92438316,0.96473676,0.990572,0.007970084,0,0.0,0.0,0.0,0.0,0.0,100.0
tile_10500_12000.png(18),Lake,0.81351596,0.5424832,0.8500255,0.57883716,0.0013272649,0,0.0,0.0,0.0,0.0,0.0,100.0
tile_10500_12000.png(19),Lake,0.29120073,0.08948581,0.33285782,0.122729816,0.0013848486,0,0.0,0.0,0.0,0.0,0.0,100.0
tile_10500_12000.png(20),Lake,0.005981782,0.5205857,0.03734724,0.57302475,0.0016447743,0,0.0,0.0,0.0,0.0,0.0,100.0
tile_10500_12000.png(21),Lake,0.13710992,0.6654798,0.1612009,0.6861415,0.0004977608,0,0.0,0.0,0.0,0.0,0.0,100.0
tile_10500_12000.png(22),Lake,0.045964625,0.619338,0.09720122,0.6666429,0.0024237435,0,0.0,0.0,0.0,0.0,0.0,100.0
tile_10500_12000.png(23),Lake,0.055506654,0.6098644,0.10320263,0.6501407,0.0019210171,0,0.0,0.0,0.0,0.0,0.0,100.0
tile_10500_12000.png(24),Lake,0.28908876,0.0850217,0.33140424,0.11300307,0.0011840452,0,0.0,0.0,0.0,0.0,0.0,100.0
tile_10500_12000.png(25),Lake,0.81728697,0.5352617,0.8489566,0.55367,0.0005829838,0,0.0,0.0,0.0,0.0,0.0,100.0
tile_10500_12000.png(26),Lake,0.008408019,0.4159305,0.048003715,0.48612618,0.0027794463,0,0.0,0.0,0.0,0.0,0.0,100.0
tile_10500_12000.png(27),Lake,0.029644353,0.5857183,0.21916854,0.95979446,0.070896484,0,0.0,0.0,0.0,0.0,0.0,100.0
tile_11000_10000.png(4),Lake,0.776649,0.09227657,0.8303121,0.15765429,0.003508369,Lake,0.7970445,0.23186746,0.83162135,0.25625768,0.0008433366,75.96214651309484
tile_11000_10500.png(3),Lake,0.6235306,0.9047865,0.661328,0.9407448,0.0013591296,0,0.0,0.0,0.0,0.0,0.0,100.0
tile_11000_10500.png(4),Lake,0.6953728,0.7668057,0.73429924,0.80851173,0.0016234664,0,0.0,0.0,0.0,0.0,0.0,100.0
tile_11000_10500.png(5),Lake,0.7470249,0.9175869,0.80453473,0.95851725,0.0023538969,0,0.0,0.0,0.0,0.0,0.0,100.0
tile_11000_10500.png(6),Lake,0.5614522,0.85572445,0.6093011,0.89019996,0.0016496143,0,0.0,0.0,0.0,0.0,0.0,100.0
tile_11000_10500.png(7),Lake,0.7054267,0.7734772,0.7410943,0.8074797,0.0012127869,0,0.0,0.0,0.0,0.0,0.0,100.0
tile_11000_10500.png(8),Lake,0.688845,0.7794898,0.72836965,0.81622964,0.0014521297,0,0.0,0.0,0.0,0.0,0.0,100.0
tile_11000_11000.png(1),Lake,0.00063448254,0.9459025,0.065037206,0.989104,0.0027822908,0,0.0,0.0,0.0,0.0,0.0,100.0
tile_11000_11000.png(2),Lake,0.008368482,0.9445059,0.054211628,0.982831,0.0017569446,0,0.0,0.0,0.0,0.0,0.0,100.0
tile_11500_10500.png(3),Lake,0.6835963,0.018697267,0.71853757,0.13937028,0.0042164666,Lake,0.6441378,0.033156514,0.68529457,0.05731317,0.0009942099,76.42078085001313
tile_11500_11000.png(4),Lake,0.07874278,0.015793605,0.21244612,0.13164513,0.015489737,Lake,0.37470227,0.29322913,0.45554876,0.3228965,0.0023985032,84.51553309136237
tile_11500_11000.png(7),Lake,0.026124848,0.0,0.3637116,0.28874618,0.097476885,Lake,0.0,0.024575043,0.12993701,0.20136471,0.02297152,76.43387968337314
tile_11500_11000.png(11),Lake,0.07083107,0.010687107,0.2406166,0.19594793,0.031454604,Lake,0.46237475,0.29522425,0.5584871,0.3211728,0.002493977,92.07118614495988
tile_11500_11500.png(1),Lake,0.0059375525,0.1363018,0.25762698,0.30816045,0.04325501,Lake,0.055525877,0.26946104,0.11696126,0.31275815,0.0026599749,93.85048136620475
tile_11500_11500.png(2),Lake,0.007086277,0.1270211,0.21824172,0.25089353,0.026156338,Lake,0.05415942,0.27508566,0.13044028,0.32460237,0.003777177,85.5592285127987
tile_11500_11500.png(3),Lake,0.027220786,0.1544997,0.26095363,0.47469684,0.0748406,Lake,0.10241317,0.29218522,0.13628249,0.33136722,0.0013270678,98.22680764184146
tile_11500_11500.png(4),Lake,0.00029081703,0.1364128,0.16041355,0.21315213,0.012287711,Lake,0.058417764,0.27780756,0.10292977,0.31296408,0.0015648872,87.26461584260893
tile_11500_11500.png(5),Lake,0.011794865,0.07850488,0.25392777,0.36893365,0.07032236,0,0.0,0.0,0.0,0.0,0.0,100.0
tile_11500_11500.png(6),Lake,0.0,0.12669213,0.1704769,0.32297775,0.033462163,0,0.0,0.0,0.0,0.0,0.0,100.0
tile_11500_12000.png(5),Lake,0.7143295,0.032457557,0.7564157,0.08809054,0.0023413831,Lake,0.83954954,0.08516023,0.865771,0.10330828,0.00047586826,79.67576258665231
tile_1500_4000.png(1),Lake,0.46404678,0.4550449,0.58157414,0.4961267,0.0048282375,0,0.0,0.0,0.0,0.0,0.0,100.0
tile_1500_4000.png(2),Lake,0.7998468,0.5965041,0.8425831,0.62160337,0.0010726501,0,0.0,0.0,0.0,0.0,0.0,100.0
tile_1500_4000.png(3),Lake,0.4681836,0.4506115,0.57283735,0.48147604,0.0032300893,0,0.0,0.0,0.0,0.0,0.0,100.0
tile_1500_4000.png(4),Lake,0.7974639,0.5845551,0.85105336,0.6154455,0.0016554003,0,0.0,0.0,0.0,0.0,0.0,100.0
tile_1500_4000.png(5),Lake,0.9781308,0.41800806,1.0,0.43307495,0.00032950062,0,0.0,0.0,0.0,0.0,0.0,100.0
tile_1500_4500.png(1),Lake,0.46670896,0.19200069,0.4924779,0.20814379,0.00041599048,0,0.0,0.0,0.0,0.0,0.0,100.0
tile_1500_4500.png(2),Lake,0.4610141,0.20157392,0.488305,0.2186837,0.0004669415,0,0.0,0.0,0.0,0.0,0.0,100.0
tile_1500_4500.png(3),Lake,0.46787387,0.20633455,0.4918173,0.22075902,0.00034537129,0,0.0,0.0,0.0,0.0,0.0,100.0
tile_1500_4500.png(4),Lake,0.46564975,0.18733071,0.50072116,0.21097226,0.0008291426,0,0.0,0.0,0.0,0.0,0.0,100.0
tile_1500_6000.png(4),Lake,0.08759431,0.5820631,0.16888425,0.6385805,0.0045942976,Lake,0.49613982,0.8569013,0.5402824,0.8813039,0.0010771952,76.55364772190639
tile_1500_6000.png(10),Lake,0.3886989,0.45479584,0.43523797,0.47598982,0.0009863481,0,0.0,0.0,0.0,0.0,0.0,100.0
tile_1500_6000.png(11),Lake,0.09071713,0.5985293,0.1375636,0.6393027,0.0019100895,0,0.0,0.0,0.0,0.0,0.0,100.0
tile_1500_6000.png(12),Lake,0.4783441,0.70758736,0.5278502,0.7311447,0.0011662332,0,0.0,0.0,0.0,0.0,0.0,100.0
tile_1500_6000.png(13),Lake,0.3007811,0.4384981,0.32770407,0.45905954,0.0005535747,0,0.0,0.0,0.0,0.0,0.0,100.0
tile_1500_6000.png(14),Lake,0.39706415,0.45109984,0.45017758,0.47084174,0.0010485597,0,0.0,0.0,0.0,0.0,0.0,100.0
tile_1500_6000.png(15),Lake,0.31298974,0.43417117,0.33750567,0.45358348,0.00047591075,0,0.0,0.0,0.0,0.0,0.0,100.0
tile_1500_6000.png(16),Lake,0.3098438,0.44195047,0.3299733,0.46328455,0.00042944445,0,0.0,0.0,0.0,0.0,0.0,100.0
tile_1500_6000.png(17),Lake,0.3065246,0.44521093,0.3244384,0.45964986,0.0002586559,0,0.0,0.0,0.0,0.0,0.0,100.0
tile_1500_6000.png(18),Lake,0.30772826,0.42885184,0.34530193,0.45276427,0.0008984776,0,0.0,0.0,0.0,0.0,0.0,100.0
tile_1500_6000.png(19),Lake,0.40383258,0.4551362,0.4461678,0.47494784,0.00083872955,0,0.0,0.0,0.0,0.0,0.0,100.0
tile_1500_6000.png(20),Lake,0.29973727,0.42030793,0.33433577,0.45154983,0.0010809227,0,0.0,0.0,0.0,0.0,0.0,100.0
tile_1500_6000.png(21),Lake,0.04260986,0.5286914,0.10051419,0.55148375,0.0013197751,0,0.0,0.0,0.0,0.0,0.0,100.0
tile_1500_6000.png(22),Lake,0.040984374,0.5468851,0.09516483,0.56540924,0.0010036479,0,0.0,0.0,0.0,0.0,0.0,100.0
tile_1500_6000.png(23),Lake,0.046837192,0.5389709,0.09990645,0.57149535,0.0017260493,0,0.0,0.0,0.0,0.0,0.0,100.0
tile_1500_6500.png(1),Lake,0.046262126,0.8017012,0.06845914,0.8224125,0.00045972902,0,0.0,0.0,0.0,0.0,0.0,100.0
tile_2000_5500.png(9),Lake,0.48842221,0.4136525,0.5324216,0.44857416,0.0015365306,Lake,0.5776028,0.46954122,0.5918621,0.4805181,0.00015652241,89.81325786808281
tile_2000_5500.png(10),Lake,0.7141785,0.6649644,0.77092797,0.69966185,0.001969063,Lake,0.44104344,0.6166212,0.46255708,0.6342847,0.00038000575,80.70118883956481
tile_2000_6000.png(2),Lake,0.9487242,0.92125905,0.9987637,0.99262744,0.0035712367,Lake,0.119027756,0.6691867,0.15043555,0.6960458,0.0008435853,76.37834255007516
tile_2000_6000.png(4),Lake,0.21692005,0.7817836,0.29075772,0.84268063,0.004496496,Lake,0.11431936,0.6218886,0.14133339,0.6393915,0.0004728239,89.48461424184522
tile_2000_6500.png(1),Lake,0.0,0.90865576,0.13564052,0.9909193,0.011158268,Lake,0.17858465,0.94487876,0.23399065,0.9784922,0.0018623866,83.30935768884562
tile_2000_6500.png(4),Lake,0.28065577,0.9545922,0.39890662,1.0,0.0053695077,Lake,0.13209395,0.9729911,0.15942387,0.98673505,0.00037562073,93.00455924478887
tile_2000_6500.png(5),Lake,0.0,0.91755486,0.06719214,0.9904888,0.0049005896,Lake,0.3911163,0.9315538,0.41610113,0.9555125,0.00059860526,87.78503590669987
tile_2000_6500.png(6),Lake,0.3073132,0.48854455,0.3768692,0.53062516,0.002926959,0,0.0,0.0,0.0,0.0,0.0,100.0
tile_2000_6500.png(7),Lake,0.8435047,0.33005962,0.8883545,0.35994154,0.0013401969,0,0.0,0.0,0.0,0.0,0.0,100.0
tile_2000_6500.png(8),Lake,0.30988088,0.4989899,0.401124,0.5622519,0.0057722237,0,0.0,0.0,0.0,0.0,0.0,100.0
tile_2000_6500.png(9),Lake,0.020412935,0.9245936,0.13318078,0.98380727,0.0066773943,0,0.0,0.0,0.0,0.0,0.0,100.0
tile_2000_6500.png(10),Lake,0.34715983,0.5230595,0.40674314,0.56667614,0.0025988244,0,0.0,0.0,0.0,0.0,0.0,100.0
tile_2000_6500.png(11),Lake,0.054613363,0.91195405,0.13493405,0.9793315,0.005411803,0,0.0,0.0,0.0,0.0,0.0,100.0
tile_2000_6500.png(12),Lake,0.31210646,0.49633613,0.37837854,0.5442681,0.0031765492,0,0.0,0.0,0.0,0.0,0.0,100.0
tile_2000_6500.png(13),Lake,0.31350052,0.5036922,0.36968172,0.53574437,0.0018007285,0,0.0,0.0,0.0,0.0,0.0,100.0
tile_2000_7000.png(3),Lake,0.08974733,0.3364458,0.17663673,0.3762052,0.0034546698,Lake,0.019757865,0.4194766,0.051915493,0.4505085,0.0009979126,71.11409605630037
tile_2000_7000.png(6),Lake,0.23137382,0.9457764,0.31642553,0.9778698,0.0027295991,Lake,0.0058931834,0.9535435,0.028242905,0.9862303,0.00073054153,73.23630675288544
tile_2000_7000.png(9),Lake,0.15530787,0.7731146,0.24864893,0.83657134,0.0059231166,Lake,0.1058892,0.4988144,0.13599873,0.5205641,0.0006548724,88.94378678954253
tile_2000_7000.png(15),Lake,0.0019156457,0.56692225,0.13515006,0.7276251,0.021411147,Lake,0.10949196,0.48744583,0.13960625,0.5073289,0.0005987654,97.20348751050095
tile_2000_7000.png(21),Lake,0.48144826,0.62231773,0.49916163,0.63456196,0.00021688646,0,0.0,0.0,0.0,0.0,0.0,100.0
tile_2000_7000.png(22),Lake,0.11348238,0.73450357,0.14713886,0.7574844,0.00077345327,0,0.0,0.0,0.0,0.0,0.0,100.0
tile_2000_7000.png(23),Lake,0.47907263,0.62032974,0.50383204,0.6398896,0.00048429062,0,0.0,0.0,0.0,0.0,0.0,100.0
tile_2000_7000.png(24),Lake,0.11025615,0.5205999,0.13578375,0.5486774,0.0007167507,0,0.0,0.0,0.0,0.0,0.0,100.0
tile_2000_7000.png(25),Lake,0.8021385,0.81790346,0.8670017,0.8375034,0.0012713133,0,0.0,0.0,0.0,0.0,0.0,100.0
tile_2000_7000.png(26),Lake,0.27391863,0.62065905,0.31659785,0.6536297,0.0014071624,0,0.0,0.0,0.0,0.0,0.0,100.0
tile_2000_7000.png(27),Lake,0.61910766,0.8187402,0.6579537,0.8359801,0.00066970254,0,0.0,0.0,0.0,0.0,0.0,100.0
tile_2000_7000.png(28),Lake,0.49104363,0.6155522,0.51512545,0.63088614,0.00036926952,0,0.0,0.0,0.0,0.0,0.0,100.0
tile_2000_7500.png(1),Lake,0.108258784,0.6771563,0.20750092,0.7285969,0.0051050745,Lake,0.60724217,0.6428526,0.648371,0.6732704,0.0012510481,75.49402853964227
tile_2500_3500.png(11),Lake,0.63093466,0.6826493,0.6807978,0.7300058,0.002361344,Lake,0.86405843,0.80244476,0.89600974,0.8229243,0.00065434875,72.28913915126302
tile_2500_4000.png(1),Lake,0.0047620805,0.46646467,0.08158109,0.55509156,0.00680823,Lake,0.060837295,0.822669,0.1082631,0.85535127,0.0015499814,77.2337097894754
tile_2500_4000.png(2),Lake,0.0,0.35341182,0.073762715,0.5731613,0.016209317,Lake,0.025168901,0.6364021,0.0948873,0.70203173,0.004575595,71.77182110757659
tile_2500_4000.png(7),Lake,0.45114732,0.90191764,0.49723154,0.96453303,0.002885582,Lake,0.21517599,0.44152877,0.23976234,0.455798,0.00035082834,87.84202493639064
tile_2500_4000.png(11),Lake,0.00933591,0.36343047,0.03876813,0.42165312,0.001713622,Lake,0.34733596,0.4442331,0.37187418,0.46370998,0.0004779282,72.11005694371337
tile_2500_4000.png(13),Lake,0.2994916,0.73832995,0.3311189,0.7561378,0.0005632139,0,0.0,0.0,0.0,0.0,0.0,100.0
tile_2500_4000.png(14),Lake,0.026346449,0.4875427,0.080050364,0.53643215,0.0026255553,0,0.0,0.0,0.0,0.0,0.0,100.0
tile_2500_4000.png(15),Lake,0.2853728,0.93939734,0.31002522,0.9638608,0.00060308387,0,0.0,0.0,0.0,0.0,0.0,100.0
tile_2500_4000.png(16),Lake,0.0021278218,0.36527893,0.033133384,0.43052816,0.0020230892,0,0.0,0.0,0.0,0.0,0.0,100.0
tile_2500_4000.png(17),Lake,0.28914002,0.7403676,0.32001373,0.75481004,0.0004458919,0,0.0,0.0,0.0,0.0,0.0,100.0
tile_2500_4000.png(18),Lake,0.44298062,0.9197945,0.51198566,0.9866333,0.0046122144,0,0.0,0.0,0.0,0.0,0.0,100.0
tile_2500_4000.png(19),Lake,0.15755473,0.7467074,0.19685349,0.77898115,0.0012683191,0,0.0,0.0,0.0,0.0,0.0,100.0
tile_2500_4000.png(20),Lake,0.004344359,0.41361427,0.08692849,0.5596916,0.012063669,0,0.0,0.0,0.0,0.0,0.0,100.0
tile_2500_4000.png(21),Lake,0.28489795,0.94114465,0.31723475,0.9701501,0.00093794405,0,0.0,0.0,0.0,0.0,0.0,100.0
tile_2500_4000.png(22),Lake,0.4605523,0.9080798,0.50240785,0.95559376,0.0019887227,0,0.0,0.0,0.0,0.0,0.0,100.0
tile_2500_4000.png(23),Lake,0.0023009412,0.2627227,0.020802394,0.3058169,0.0007973051,0,0.0,0.0,0.0,0.0,0.0,100.0
tile_2500_4500.png(4),Lake,0.009495968,0.31305003,0.13392304,0.45505473,0.017669229,Lake,0.94867337,0.012972245,0.9927104,0.028586194,0.00068759214,96.10853342836862
tile_2500_4500.png(6),Lake,0.07035797,0.41381177,0.13733135,0.47341424,0.003991779,0,0.0,0.0,0.0,0.0,0.0,100.0
tile_2500_4500.png(7),Lake,0.21194981,0.47849843,0.27551255,0.5224287,0.0027923277,0,0.0,0.0,0.0,0.0,0.0,100.0
tile_2500_4500.png(8),Lake,0.24608569,0.5546245,0.27688846,0.5806939,0.00080300984,0,0.0,0.0,0.0,0.0,0.0,100.0
tile_2500_4500.png(9),Lake,0.05798439,0.43152872,0.118733644,0.47557187,0.0026755887,0,0.0,0.0,0.0,0.0,0.0,100.0
tile_2500_4500.png(10),Lake,0.49931374,0.7730788,0.51656675,0.78526825,0.00021030469,0,0.0,0.0,0.0,0.0,0.0,100.0
tile_2500_4500.png(11),Lake,0.26154596,0.8027811,0.28863522,0.81842595,0.00042380748,0,0.0,0.0,0.0,0.0,0.0,100.0
tile_2500_4500.png(12),Lake,0.018283505,0.3306135,0.09413466,0.40554076,0.00568332,0,0.0,0.0,0.0,0.0,0.0,100.0
tile_2500_4500.png(13),Lake,0.065982476,0.4198204,0.13352112,0.45597726,0.0024419858,0,0.0,0.0,0.0,0.0,0.0,100.0
tile_2500_4500.png(14),Lake,0.08425081,0.41599438,0.14116974,0.45855084,0.0024222685,0,0.0,0.0,0.0,0.0,0.0,100.0
tile_2500_4500.png(15),Lake,0.059394676,0.42900705,0.13771077,0.49505424,0.005172558,0,0.0,0.0,0.0,0.0,0.0,100.0
tile_2500_4500.png(16),Lake,0.03004064,0.31904516,0.15045777,0.5510363,0.027935708,0,0.0,0.0,0.0,0.0,0.0,100.0
tile_2500_5500.png(3),Lake,0.43705437,0.61151385,0.6603446,0.7779743,0.037168995,Lake,0.9216346,0.858733,0.997618,0.89589995,0.0028240716,92.40207705373794
tile_2500_5500.png(5),Lake,0.43249965,0.618715,0.5325154,0.6852816,0.0066577075,Lake,0.46955448,0.77215123,0.514374,0.7918734,0.00088393816,86.72308508596991
tile_2500_5500.png(7),Lake,0.88860744,0.72580177,0.98363304,0.76711464,0.0039257808,Lake,0.6786098,0.45732972,0.707645,0.47534767,0.0005231549,86.67386370629761
tile_2500_5500.png(8),Lake,0.6678898,0.85275954,0.7609901,0.89281714,0.0037293748,Lake,0.65193814,0.6169066,0.67678607,0.6296289,0.0003161231,91.5234290744926
tile_2500_5500.png(9),Lake,0.43567297,0.61844176,0.5089699,0.65270704,0.00251154,Lake,0.65192604,0.61891955,0.66785496,0.62986904,0.00017441364,93.055510165078
tile_2500_5500.png(12),Lake,0.53124654,0.69263554,0.62819564,0.77343893,0.007833816,Lake,0.7162096,0.28356618,0.7541212,0.30195487,0.0006971445,91.10083131898936
tile_2500_5500.png(13),Lake,0.65172595,0.7312973,0.7888991,0.76493514,0.004614207,Lake,0.712377,0.28828034,0.7435465,0.30548975,0.0005364083,88.37485401066749
tile_2500_5500.png(14),Lake,0.66777056,0.84463054,0.75436014,0.8830323,0.0033251941,Lake,0.68528587,0.46039057,0.7122335,0.4775508,0.0004624275,86.09321783651667
tile_2500_5500.png(15),Lake,0.95588255,0.73339957,0.9961816,0.7658368,0.0013071888,0,0.0,0.0,0.0,0.0,0.0,100.0
tile_2500_5500.png(16),Lake,0.5781056,0.7375551,0.6407734,0.77682376,0.002460881,0,0.0,0.0,0.0,0.0,0.0,100.0
tile_2500_5500.png(17),Lake,0.6523825,0.7394696,0.749436,0.7658288,0.0025582535,0,0.0,0.0,0.0,0.0,0.0,100.0
tile_2500_5500.png(18),Lake,0.66550887,0.8473014,0.71994984,0.8814765,0.0018605257,0,0.0,0.0,0.0,0.0,0.0,100.0
tile_2500_5500.png(19),Lake,0.5339545,0.69331235,0.5974314,0.7338261,0.0025716883,0,0.0,0.0,0.0,0.0,0.0,100.0
tile_2500_5500.png(20),Lake,0.9481972,0.7243018,0.99654925,0.75963545,0.0017084541,0,0.0,0.0,0.0,0.0,0.0,100.0
tile_2500_6000.png(7),Lake,0.4954505,0.17601363,0.58032906,0.22305529,0.003992828,Lake,0.0049356045,0.14235143,0.03196102,0.17714514,0.0009403144,76.44991469705181
tile_2500_6000.png(24),Lake,0.7805247,0.15800862,0.8606863,0.1901208,0.002574165,Lake,0.66776556,0.20968965,0.69906443,0.23005031,0.00063726585,75.24378390662602
tile_2500_6500.png(22),Lake,0.7033617,0.36319667,0.88910496,0.50322884,0.026010035,Lake,0.5678858,0.12973182,0.6277445,0.17968571,0.002990174,88.50376787266914
tile_2500_6500.png(24),Lake,0.006199479,0.0,0.52365637,0.5203143,0.2692402,Lake,0.37256965,0.70883924,0.439783,0.734724,0.0017398008,99.35381090936643
tile_2500_7000.png(11),Lake,0.26548085,0.4016525,0.34027687,0.48015466,0.0058716508,Lake,0.8464118,0.7820643,0.898578,0.80949146,0.0014307685,75.63260233391264
tile_2500_7000.png(21),Lake,0.10506606,0.26611647,0.1609366,0.3188913,0.002948557,Lake,0.5324631,0.8240138,0.5702266,0.8443786,0.0007690454,73.91790628432823
tile_2500_7000.png(24),Lake,0.29417872,0.4245164,0.33645722,0.4741624,0.002098958,Lake,0.53765386,0.4198947,0.5681813,0.4362856,0.00050037145,76.16095939032606
tile_2500_7000.png(26),Lake,0.10875483,0.25370878,0.16193521,0.29285952,0.0020820515,Lake,0.008712032,0.2608003,0.0260825,0.2866545,0.0004490996,78.42994757814589
tile_3000_2500.png(1),Lake,0.4296395,0.0068167048,0.49530825,0.020839667,0.0009208706,0,0.0,0.0,0.0,0.0,0.0,100.0
tile_3000_3000.png(2),Lake,0.7999598,0.73770726,1.0,0.9749055,0.047449186,Lake,0.870101,0.9161815,0.9963749,0.99904317,0.010463268,77.94847734584953
tile_3000_3000.png(3),Lake,0.8203931,0.7611675,0.9648973,1.0,0.034512293,Lake,0.5231584,0.855192,0.5491261,0.8742146,0.0004939731,98.5687039108065
tile_3000_3000.png(4),Lake,0.7703041,0.08504324,0.8068097,0.107032895,0.00080274657,0,0.0,0.0,0.0,0.0,0.0,100.0
tile_3000_3500.png(1),Lake,0.0037365078,0.5762933,0.114450864,0.74915946,0.019138766,Lake,0.51220685,0.5870361,0.56743234,0.6160024,0.0015996785,91.6416842130783
tile_3000_3500.png(3),Lake,0.06286789,0.44591242,0.17982714,0.5474533,0.0118761435,Lake,0.9168067,0.37178183,0.9591155,0.4032197,0.001330099,88.80024479326981
tile_3000_3500.png(15),Lake,0.0,0.068097405,0.3715875,1.0,0.34628338,Lake,0.64298826,0.5443436,0.67396057,0.5671796,0.00070728443,99.79574981912212
tile_3000_3500.png(17),Lake,0.0029063702,0.37197676,0.18378544,0.82768935,0.08242887,Lake,0.59950745,0.663021,0.61960393,0.6779807,0.00030063718,99.63527683929188
tile_3000_4000.png(1),Lake,0.41725492,0.0,0.66770595,0.11467107,0.028719487,Lake,0.5627912,0.6956505,0.5932249,0.7151761,0.00059423497,97.93089977547301
tile_3000_4000.png(2),Lake,0.51127553,0.5535362,0.6067321,0.6434397,0.0085818805,Lake,0.5744287,0.36815175,0.5969718,0.38210514,0.00031455306,96.33468375608352
tile_3000_4000.png(9),Lake,0.0,0.55063176,0.6250346,1.0,0.28087068,Lake,0.5663374,0.6943938,0.60335284,0.7185637,0.00089465803,99.6814697675101
tile_3000_4000.png(10),Lake,0.2493587,0.6024443,0.28837797,0.6270067,0.0009584077,0,0.0,0.0,0.0,0.0,0.0,100.0
tile_3000_4000.png(11),Lake,0.45998666,0.46217856,0.5201759,0.48581377,0.0014225848,0,0.0,0.0,0.0,0.0,0.0,100.0
tile_3000_4000.png(12),Lake,0.5757317,0.48117542,0.6366547,0.504714,0.0014340411,0,0.0,0.0,0.0,0.0,0.0,100.0
tile_3000_4000.png(13),Lake,0.51762855,0.5568512,0.61563605,0.61515063,0.0057137804,0,0.0,0.0,0.0,0.0,0.0,100.0
tile_3000_4000.png(14),Lake,0.40625006,0.21370523,0.5817045,0.42647448,0.03733131,0,0.0,0.0,0.0,0.0,0.0,100.0
tile_3000_4000.png(15),Lake,0.0,0.7449384,0.30213222,1.0,0.07706234,0,0.0,0.0,0.0,0.0,0.0,100.0
tile_3000_4000.png(16),Lake,0.4113264,0.40062544,0.44965202,0.43325558,0.0012505702,0,0.0,0.0,0.0,0.0,0.0,100.0
tile_3000_4000.png(17),Lake,0.0,0.6651533,0.52146786,1.0,0.17461178,0,0.0,0.0,0.0,0.0,0.0,100.0
tile_3000_4000.png(18),Lake,0.51265997,0.67206985,0.5641576,0.6960263,0.0012337021,0,0.0,0.0,0.0,0.0,0.0,100.0
tile_3000_4000.png(19),Lake,0.2387265,0.6080665,0.2815301,0.6356282,0.0011797415,0,0.0,0.0,0.0,0.0,0.0,100.0
tile_3000_4000.png(20),Lake,0.41462255,0.13190629,0.44298893,0.15586099,0.00067950843,0,0.0,0.0,0.0,0.0,0.0,100.0
tile_3000_4000.png(21),Lake,0.25337785,0.60663587,0.2853628,0.63671684,0.0009621386,0,0.0,0.0,0.0,0.0,0.0,100.0
tile_3000_4000.png(22),Lake,0.1115902,0.6926376,0.35544315,0.9116524,0.053407393,0,0.0,0.0,0.0,0.0,0.0,100.0
tile_3000_4000.png(23),Lake,0.46657917,0.47382084,0.5080137,0.49994895,0.0010826067,0,0.0,0.0,0.0,0.0,0.0,100.0
tile_3000_4000.png(24),Lake,0.2425106,0.5930438,0.2843164,0.62783545,0.0014544923,0,0.0,0.0,0.0,0.0,0.0,100.0
tile_3000_4500.png(6),Lake,0.4063321,0.36411762,0.43355647,0.38162985,0.00047675933,0,0.0,0.0,0.0,0.0,0.0,100.0
tile_3000_4500.png(7),Lake,0.5657639,0.7374794,0.60029423,0.7556905,0.0006288364,0,0.0,0.0,0.0,0.0,0.0,100.0
tile_3000_4500.png(8),Lake,0.7386443,0.48807096,0.7687823,0.50294,0.0004481232,0,0.0,0.0,0.0,0.0,0.0,100.0
tile_3000_4500.png(9),Lake,0.5662965,0.577213,0.6037001,0.60468274,0.0010274672,0,0.0,0.0,0.0,0.0,0.0,100.0
tile_3000_4500.png(10),Lake,0.005611411,0.27397498,0.058636833,0.47107697,0.010451416,0,0.0,0.0,0.0,0.0,0.0,100.0
tile_3000_5000.png(1),Lake,0.4751881,0.49998322,0.51618546,0.5193333,0.0007933022,0,0.0,0.0,0.0,0.0,0.0,100.0
tile_3000_5000.png(2),Lake,0.46579996,0.5008417,0.5081295,0.52291983,0.00093455776,0,0.0,0.0,0.0,0.0,0.0,100.0
tile_3000_5000.png(3),Lake,0.46464798,0.490515,0.5173463,0.51310945,0.0011906902,0,0.0,0.0,0.0,0.0,0.0,100.0
tile_3000_5500.png(5),Lake,0.31396598,0.17643823,0.39173773,0.25937352,0.0064500226,Lake,0.70520586,0.008086058,0.7897721,0.01985843,0.0009955451,84.56524632952448
tile_3500_3000.png(6),Lake,0.7180826,0.0008359432,0.8665258,0.19845143,0.02933468,Lake,0.76729375,0.7717952,0.85869807,0.86319155,0.008354019,71.5216971857201
tile_3500_3000.png(7),Lake,0.82615584,0.7402491,0.9846178,0.93631744,0.03106938,Lake,0.70935214,0.56218857,0.73516953,0.5793971,0.00044427905,98.57004211220179
tile_3500_3000.png(8),Lake,0.73243153,0.88249296,0.80977124,1.0,0.00908796,0,0.0,0.0,0.0,0.0,0.0,100.0
tile_3500_3000.png(9),Lake,0.6843833,0.48687288,0.7243419,0.513256,0.0010542345,0,0.0,0.0,0.0,0.0,0.0,100.0
tile_3500_3000.png(10),Lake,0.6961699,0.48582664,0.72225404,0.50171775,0.00041450557,0,0.0,0.0,0.0,0.0,0.0,100.0
tile_3500_3000.png(11),Lake,0.7429785,0.61781603,0.99716514,1.0,0.09714606,0,0.0,0.0,0.0,0.0,0.0,100.0
tile_3500_3500.png(2),Lake,0.00039616824,0.67134446,0.33605304,1.0,0.110315494,Lake,0.0028689944,0.21660872,0.017213086,0.25081775,0.00049069745,99.55518718884584
tile_3500_3500.png(3),Lake,0.33655605,0.4450061,0.5408885,0.66358197,0.04466214,Lake,0.107067816,0.94570726,0.14647195,0.98487484,0.0015433646,96.54435591308432
tile_3500_3500.png(10),Lake,0.004775405,0.7882322,0.15525533,0.9969713,0.031411044,Lake,0.552062,0.75935453,0.5815552,0.78072035,0.0006301467,97.99386897169033
tile_4000_2500.png(1),Lake,0.6734523,0.96086895,0.77424186,0.99997324,0.003941303,0,0.0,0.0,0.0,0.0,0.0,100.0
tile_4000_2500.png(2),Lake,0.3857629,0.9009563,0.41882944,0.9191176,0.0006005332,0,0.0,0.0,0.0,0.0,0.0,100.0
tile_4000_2500.png(3),Lake,0.38399434,0.90949357,0.4201285,0.9317611,0.000804618,0,0.0,0.0,0.0,0.0,0.0,100.0
tile_4000_3000.png(5),Lake,0.0015278579,0.76157427,0.44864082,1.0,0.10660324,Lake,0.6915371,0.05843019,0.7201883,0.07526222,0.00048225842,99.54761373106483
tile_4000_3000.png(6),Lake,0.50631505,0.4630533,0.75276136,0.7085837,0.06051007,Lake,0.61232376,0.4680555,0.639958,0.48414102,0.0004445119,99.26539185956982
tile_4000_3000.png(7),Lake,0.85576546,0.10832031,0.99379075,0.54042,0.059640683,Lake,0.61381257,0.4750584,0.64020884,0.49473748,0.00051945413,99.12902719440689
tile_4000_3000.png(8),Lake,0.0025964738,0.82491916,0.36076933,1.0,0.062709205,Lake,0.68309313,0.038835853,0.71955466,0.066147275,0.0009958163,98.4120093692784
tile_4000_3000.png(10),Lake,0.5337114,0.05096207,0.9789087,0.6925969,0.28565413,Lake,0.6142606,0.48138103,0.6411862,0.49770927,0.0004396472,99.84609107524544
tile_4500_2000.png(3),Lake,0.7890966,0.36904824,0.9186637,0.6640566,0.038223375,Lake,0.9632249,0.37623242,0.9988238,0.40050325,0.0008640158,97.73956172106728
tile_4500_2000.png(11),Lake,0.7812642,0.29472095,0.82700604,0.33830172,0.0019934652,0,0.0,0.0,0.0,0.0,0.0,100.0
tile_4500_2500.png(7),Lake,0.1599915,0.0,1.0,0.42612192,0.35794604,Lake,0.52109516,0.17999575,0.6215015,0.22458902,0.004477448,98.74912766181183
tile_4500_2500.png(17),Lake,0.4824352,0.0031600476,0.98749846,0.5055082,0.2537176,Lake,0.45987946,0.44113103,0.4905993,0.46148655,0.00062531856,99.75353757090562
tile_4500_2500.png(19),Lake,0.49592453,4.6153367e-05,0.580383,0.039752346,0.0033535243,Lake,0.95230514,0.20250392,0.9916391,0.22159243,0.00075082615,77.61083317630948
tile_4500_2500.png(21),Lake,0.111562684,0.007883525,1.0,0.2768885,0.23899406,Lake,0.010654092,0.6472199,0.031274192,0.6735434,0.00054279313,99.7728842591318
tile_4500_2500.png(23),Lake,0.25941274,0.19820838,0.30319968,0.22405754,0.0011318559,Lake,0.4704387,0.44330794,0.49609843,0.45636088,0.00033493506,70.4083302476932
tile_4500_2500.png(27),Lake,0.021480083,0.0,0.5091551,0.29473576,0.14373526,Lake,0.5858911,0.5954544,0.61267656,0.61493003,0.0005216634,99.63706650685434
tile_4500_2500.png(28),Lake,0.23122807,0.010905839,0.46948662,0.11090373,0.023825353,0,0.0,0.0,0.0,0.0,0.0,100.0
tile_4500_2500.png(29),Lake,0.3206561,0.26536068,0.37017214,0.3032562,0.0018764371,0,0.0,0.0,0.0,0.0,0.0,100.0
tile_4500_3000.png(3),Lake,0.0051890346,0.0037299425,0.09721484,0.086336665,0.007601951,Lake,0.8026118,0.96726507,0.8462152,0.98807365,0.0009073239,88.06459157655712
tile_4500_3000.png(5),Lake,0.0,0.002329427,0.123837605,0.063100986,0.0075258045,Lake,0.0035344257,0.18168184,0.037736066,0.21045451,0.0009840725,86.92402254137747
tile_5000_1500.png(3),Lake,0.5564486,0.8557169,0.60245305,0.88040924,0.0011359588,0,0.0,0.0,0.0,0.0,0.0,100.0
tile_5000_2000.png(6),Lake,0.0,0.7265659,0.17258307,0.8476397,0.020895286,Lake,0.16211021,0.9114613,0.21633914,0.9695635,0.0031508198,84.92090608379326
tile_5000_2000.png(8),Lake,0.00844068,0.7439561,0.12825088,0.9056422,0.019371647,Lake,0.15664192,0.8902587,0.21320842,0.9783288,0.0049818177,74.28294197184164
tile_5000_2000.png(9),Lake,0.0,0.78153837,0.2856853,0.98767346,0.058889765,Lake,0.0026314796,0.85601217,0.10138118,0.96549606,0.010811502,81.64111879203458
tile_5000_2000.png(11),Lake,0.1414414,0.7953752,0.17818174,0.8405598,0.0016600955,0,0.0,0.0,0.0,0.0,0.0,100.0
tile_5000_2000.png(12),Lake,0.49199817,0.889845,0.54277056,0.94129,0.0026119864,0,0.0,0.0,0.0,0.0,0.0,100.0
tile_5000_2000.png(13),Lake,0.14019686,0.7646424,0.18912345,0.8198846,0.0027028117,0,0.0,0.0,0.0,0.0,0.0,100.0
tile_5000_2000.png(14),Lake,0.011046666,0.59125656,0.12121739,0.94813013,0.039317023,0,0.0,0.0,0.0,0.0,0.0,100.0
tile_5000_2000.png(15),Lake,0.05851674,0.75588834,0.117740944,0.7951314,0.0023241378,0,0.0,0.0,0.0,0.0,0.0,100.0
tile_5000_2000.png(16),Lake,0.008647609,0.78768307,0.10681279,0.83858585,0.0049968814,0,0.0,0.0,0.0,0.0,0.0,100.0
tile_5500_2000.png(3),Lake,0.5378491,0.1881491,0.8384817,0.7180096,0.15929334,Lake,0.4050704,0.29696923,0.48177138,0.32213283,0.0019300722,98.78835348671828
tile_5500_2000.png(12),Lake,0.48871928,0.2449585,0.7474561,0.37695503,0.03415236,Lake,0.36053154,0.28886613,0.39490044,0.30817696,0.0006636921,98.05667280387065
tile_5500_2000.png(14),Lake,0.78020906,0.73124546,0.9328815,0.81787205,0.01322549,Lake,0.18140922,0.009939204,0.23863612,0.027223973,0.0009891537,92.52085404775173
tile_5500_2000.png(16),Lake,0.49451256,0.25339517,0.7665127,0.4606881,0.05638371,0,0.0,0.0,0.0,0.0,0.0,100.0
tile_5500_2000.png(17),Lake,0.9735678,0.2652587,1.0,0.28125507,0.00042281943,0,0.0,0.0,0.0,0.0,0.0,100.0
tile_5500_2000.png(18),Lake,0.40676704,0.1713179,0.4373959,0.18964769,0.0005614204,0,0.0,0.0,0.0,0.0,0.0,100.0
tile_5500_2000.png(19),Lake,0.4165201,0.16827416,0.44027755,0.1843752,0.0003825196,0,0.0,0.0,0.0,0.0,0.0,100.0
tile_5500_2000.png(20),Lake,0.9748374,0.3882751,0.99792546,0.40465832,0.00037825666,0,0.0,0.0,0.0,0.0,0.0,100.0
tile_5500_2000.png(21),Lake,0.89150697,0.18355884,0.94911003,0.21897392,0.0020400172,0,0.0,0.0,0.0,0.0,0.0,100.0
tile_5500_2000.png(22),Lake,0.81931967,0.58203185,0.8667981,0.62669915,0.0021207337,0,0.0,0.0,0.0,0.0,0.0,100.0
tile_5500_2500.png(1),Lake,0.004929948,0.6196095,0.59879667,1.0,0.22590126,Lake,0.6705556,0.6285551,0.8020396,0.7234629,0.012478855,94.47596927967555
tile_5500_2500.png(7),Lake,0.36824858,0.45880604,0.56238216,0.59265244,0.02598408,Lake,0.9456083,0.9204292,0.9996304,0.9713974,0.0027534063,89.40348744308054
tile_5500_2500.png(14),Lake,0.43727675,0.47518656,0.7702257,0.84762853,0.12400416,Lake,0.76360637,0.4663058,0.7971906,0.48130974,0.0005038962,99.59364572930455
tile_5500_2500.png(15),Lake,0.102995746,0.23094502,0.1400186,0.29264626,0.0022843557,Lake,0.35922787,0.08536001,0.38751778,0.1059667,0.0005829615,74.48026592355997
tile_5500_2500.png(17),Lake,0.0,0.53964657,0.26404294,0.89391214,0.093541324,Lake,0.9161391,0.13743241,0.94158715,0.15159355,0.00036037303,99.61474457000416
tile_5500_2500.png(20),Lake,0.53872246,0.67268956,0.7514521,0.85545045,0.038878657,Lake,0.5087216,0.24063364,0.5352846,0.2552374,0.0003879196,99.00222993813803
tile_5500_3500.png(11),Lake,0.0,0.8732835,0.25924417,1.0,0.03285051,Lake,0.25924015,0.6128471,0.28629827,0.6354833,0.00061249407,98.13551122950604
tile_6000_2500.png(4),Lake,0.40928552,0.16170122,0.51147705,0.23603044,0.007595818,Lake,0.73623115,0.03212738,0.7782766,0.059370197,0.0011454371,84.92016133087971
tile_6000_2500.png(5),Lake,0.29889396,0.0,0.4982438,0.16130848,0.03215682,Lake,0.5357388,0.019816702,0.57568157,0.044684436,0.0009932854,96.91112056478221
tile_6000_2500.png(6),Lake,0.35100183,0.0,0.50483096,0.22701755,0.03492191,Lake,0.7373234,0.030645786,0.7715899,0.07130005,0.0013930782,96.01087626650433
tile_6000_2500.png(8),Lake,0.94314426,0.8867616,0.99479336,0.9718995,0.0043972954,Lake,0.74523896,0.034882057,0.77841336,0.07211552,0.0012351975,71.9100631720125
tile_6000_3000.png(11),Lake,0.0,0.12219322,0.6882357,0.8770385,0.51951146,Lake,0.020630574,0.067194976,0.07523238,0.12588555,0.003204611,99.3831491224467
tile_6000_3000.png(16),Lake,0.1013094,0.107164316,0.90158236,0.5891432,0.38571468,Lake,0.8277389,0.58079755,0.86474943,0.6065167,0.0009518805,99.75321641893433
tile_6000_3500.png(1),Lake,0.6841305,0.73040265,0.97103924,0.8542328,0.03552795,Lake,0.4981371,0.5297224,0.5922227,0.6118504,0.0077270614,78.25075356163246
tile_6000_3500.png(3),Lake,0.47773844,0.393604,0.5833836,0.50015354,0.011256444,Lake,0.15935214,0.7228683,0.21235442,0.7836223,0.0032201007,71.39326860241123
tile_6000_3500.png(4),Lake,0.691072,0.7218158,0.8204568,0.84284365,0.015659163,Lake,0.37176284,0.9354855,0.40430418,0.96439284,0.00094068405,93.99275650939964
tile_6000_3500.png(5),Lake,0.47613287,0.38821876,0.5966324,0.5521199,0.019750016,Lake,0.14637397,0.45901057,0.17290394,0.47856268,0.0005187169,97.37358744418232
tile_6000_3500.png(10),Lake,0.682707,0.6955329,0.8848777,0.8578126,0.03280819,Lake,0.23859346,0.60291123,0.28019866,0.6298077,0.0011190334,96.58916447387071
tile_6000_3500.png(23),Lake,0.55846983,0.9121267,0.6344835,0.9865349,0.0056560393,Lake,0.21242376,0.83403313,0.24534969,0.85916054,0.00082734344,85.37238876681779
tile_6500_3000.png(37),Lake,0.2413655,0.37304398,0.2951054,0.40294123,0.0016066745,Lake,0.75191957,0.34007484,0.77572864,0.3530275,0.00030839076,80.80564793926834
tile_6500_3000.png(39),Lake,0.74692124,0.50484747,0.7727952,0.5258514,0.00054345565,0,0.0,0.0,0.0,0.0,0.0,100.0
tile_6500_3500.png(7),Lake,0.29513684,0.2314177,0.40239272,0.27957335,0.0051649767,Lake,0.15625559,0.5649527,0.18951015,0.59401447,0.0009664373,81.28864163123912
tile_6500_3500.png(9),Lake,0.88300383,0.3760052,0.98488045,0.64251804,0.027151426,Lake,0.952607,0.58955926,0.9992348,0.7371518,0.0068819188,74.6535640522159
tile_6500_3500.png(11),Lake,0.86222184,0.25975162,0.9349179,0.41799617,0.01150376,Lake,0.14193523,0.62952584,0.17982137,0.660524,0.0011744011,89.79115437039717
tile_6500_3500.png(14),Lake,0.8988458,0.44163957,0.9895129,0.51648945,0.0067864233,Lake,0.0925846,0.71910924,0.14918898,0.7517757,0.0018490638,72.75348562474728
tile_6500_3500.png(16),Lake,0.8713536,0.30230522,0.99713737,0.6225818,0.040285584,Lake,0.019747747,0.2672026,0.04628817,0.28609243,0.00050134445,98.75552393630436
tile_6500_4000.png(2),Lake,0.45175877,0.22340314,0.7027492,0.4231496,0.050134443,Lake,0.644025,0.9478988,0.69940805,0.9840049,0.0019996655,96.01139380365711
tile_6500_4000.png(4),Lake,0.0066996426,0.61242676,0.062359404,0.7808911,0.009376686,Lake,0.784124,0.68832034,0.8253992,0.7159614,0.0011408903,87.83269163540295
tile_6500_4000.png(11),Lake,0.0068315747,0.6088805,0.085988365,0.8402495,0.018314425,Lake,0.750355,0.7732172,0.7778508,0.7982406,0.0006880385,96.2431880880781
tile_7000_10500.png(9),Lake,0.58237743,0.81523526,0.7079145,0.9929008,0.022303605,Lake,0.89424706,0.6755961,0.9415026,0.70100296,0.0012006132,94.61695452371937
tile_7000_10500.png(14),Lake,0.0,0.5349249,0.674848,1.0,0.313855,Lake,0.6200291,0.7434474,0.729601,0.9999234,0.02810257,91.04600213474376
tile_7000_10500.png(15),Lake,0.5893257,0.93481255,0.6572984,0.99228156,0.0039063217,Lake,0.8706226,0.8962948,0.9078086,0.92627126,0.0011147064,71.46403994325404
tile_7000_10500.png(17),Lake,0.58593494,0.9346426,0.7035786,0.9980559,0.007460168,Lake,0.4737847,0.8491427,0.508068,0.87378657,0.0008448751,88.67485155830272
tile_7000_10500.png(23),Lake,0.89562523,0.76723546,0.9632325,0.80838406,0.0027819453,Lake,0.8735984,0.010641568,0.91760796,0.026044114,0.00067785935,75.63362047413369
tile_7000_11000.png(10),Lake,0.2169262,0.78628176,0.29870948,0.8448729,0.004791775,Lake,0.37607113,0.3808163,0.42463717,0.40954277,0.0013951304,70.88489338501913
tile_7000_12000.png(2),Lake,0.37054572,0.8475162,0.4109188,0.87145036,0.00096629694,0,0.0,0.0,0.0,0.0,0.0,100.0
tile_7000_12000.png(3),Lake,0.5172002,0.62572515,0.570224,0.6571165,0.0016644876,0,0.0,0.0,0.0,0.0,0.0,100.0
tile_7000_12000.png(4),Lake,0.58602244,0.5680174,0.6143275,0.5841281,0.00045601305,0,0.0,0.0,0.0,0.0,0.0,100.0
tile_7000_12000.png(5),Lake,0.42662,0.72582847,0.443034,0.7374035,0.0001899926,0,0.0,0.0,0.0,0.0,0.0,100.0
tile_7000_12000.png(6),Lake,0.28653726,0.62785417,0.31195167,0.64272547,0.00037794525,0,0.0,0.0,0.0,0.0,0.0,100.0
tile_7000_12000.png(7),Lake,0.06421043,0.7734511,0.08981361,0.79428476,0.0005334083,0,0.0,0.0,0.0,0.0,0.0,100.0
tile_7000_12000.png(8),Lake,0.5756366,0.73796135,0.6125325,0.75474966,0.0006194191,0,0.0,0.0,0.0,0.0,0.0,100.0
tile_7000_12000.png(9),Lake,0.5819704,0.57697314,0.6152807,0.59680855,0.0006607234,0,0.0,0.0,0.0,0.0,0.0,100.0
tile_7000_12000.png(10),Lake,0.5697723,0.74501795,0.602577,0.75936526,0.0004706589,0,0.0,0.0,0.0,0.0,0.0,100.0
tile_7000_12000.png(11),Lake,0.27286062,0.6268856,0.30469105,0.64562017,0.00059632957,0,0.0,0.0,0.0,0.0,0.0,100.0
tile_7000_12500.png(1),Lake,0.8764636,0.8244907,0.97614926,0.8800661,0.005540068,0,0.0,0.0,0.0,0.0,0.0,100.0
tile_7000_12500.png(2),Lake,0.60898197,0.5953668,0.64556617,0.61846364,0.00084498007,0,0.0,0.0,0.0,0.0,0.0,100.0
tile_7000_12500.png(3),Lake,0.606764,0.5908331,0.6426596,0.60861796,0.00063839706,0,0.0,0.0,0.0,0.0,0.0,100.0
tile_7000_12500.png(4),Lake,0.61018413,0.59972876,0.6411306,0.6260771,0.0008153891,0,0.0,0.0,0.0,0.0,0.0,100.0
tile_7000_12500.png(5),Lake,0.8595168,0.81114644,0.98666793,1.0,0.024012944,0,0.0,0.0,0.0,0.0,0.0,100.0
tile_7000_13000.png(1),Lake,0.11751028,0.89342827,0.26341397,1.0,0.015549208,Lake,0.2721644,0.9003464,0.3179379,0.91922516,0.0008641469,94.44250215187809
tile_7000_13000.png(2),Lake,0.25122947,0.9401676,0.30014795,0.9806948,0.0019825276,0,0.0,0.0,0.0,0.0,0.0,100.0
tile_7000_13000.png(3),Lake,0.25839528,0.936353,0.30151698,0.96832514,0.0013786916,0,0.0,0.0,0.0,0.0,0.0,100.0
tile_7000_13000.png(4),Lake,0.11243709,0.8804237,0.31384227,0.9964251,0.023363275,0,0.0,0.0,0.0,0.0,0.0,100.0
tile_7000_13000.png(5),Lake,0.07361925,0.90447724,0.34865454,1.0,0.026272131,0,0.0,0.0,0.0,0.0,0.0,100.0
tile_7000_13000.png(6),Lake,0.2595133,0.78229636,0.31046677,0.80906737,0.001364076,0,0.0,0.0,0.0,0.0,0.0,100.0
tile_7000_13000.png(7),Lake,0.26145914,0.78627187,0.326306,0.8191721,0.0021334752,0,0.0,0.0,0.0,0.0,0.0,100.0
tile_7000_13000.png(8),Lake,0.25472283,0.7734694,0.32275167,0.8049224,0.002139712,0,0.0,0.0,0.0,0.0,0.0,100.0
tile_7000_13000.png(9),Lake,0.021875596,0.86558956,0.3306081,0.99073523,0.03863654,0,0.0,0.0,0.0,0.0,0.0,100.0
tile_7000_3500.png(2),Lake,0.92240745,0.34340152,0.9991725,0.57356006,0.017668134,0,0.0,0.0,0.0,0.0,0.0,100.0
tile_7000_3500.png(3),Lake,0.9231915,0.3495413,0.99962234,0.46644717,0.008935216,0,0.0,0.0,0.0,0.0,0.0,100.0
tile_7000_3500.png(4),Lake,0.9007552,0.23788063,0.9349527,0.2784129,0.0013861004,0,0.0,0.0,0.0,0.0,0.0,100.0
tile_7000_3500.png(5),Lake,0.9637882,0.6181394,0.99921894,0.68327665,0.0023078609,0,0.0,0.0,0.0,0.0,0.0,100.0
tile_7000_3500.png(6),Lake,0.9475587,0.44108674,1.0,0.58721393,0.0076631,0,0.0,0.0,0.0,0.0,0.0,100.0
tile_7000_3500.png(7),Lake,0.92511195,0.34947136,0.9810665,0.4089705,0.0033292493,0,0.0,0.0,0.0,0.0,0.0,100.0
tile_7000_4000.png(9),Lake,0.0071855667,0.48681226,0.23401566,0.80847275,0.07296228,Lake,0.48625502,0.94320935,0.5976223,0.9891057,0.0051113507,92.99452991326477
tile_7000_4000.png(12),Lake,0.005089253,0.54125464,0.18571432,0.7623194,0.039929833,Lake,0.27026427,0.5200867,0.31660426,0.551841,0.0014714946,96.31479901255786
tile_7000_4000.png(16),Lake,0.0019504279,0.50474095,0.08646275,0.591392,0.0073230797,Lake,0.48688325,0.7093721,0.5143898,0.7310866,0.00059729145,91.84371228405448
tile_7000_4000.png(17),Lake,0.0,0.5122382,0.13131663,0.7464923,0.030761462,Lake,0.3610603,0.52309126,0.4404467,0.5789073,0.0044310363,85.59549510358123
tile_7000_4000.png(20),Lake,0.0,0.41436297,0.2731646,0.7525272,0.09237449,Lake,0.88637084,0.76376957,0.9160563,0.7798547,0.00047749464,99.48308819891724
tile_7000_4000.png(23),Lake,0.009955674,0.40117103,0.18355833,0.85217136,0.07829486,Lake,0.49262443,0.70467275,0.52287954,0.7279093,0.000703025,99.10208026427279
tile_7000_4000.png(35),Lake,0.0009140462,0.38757953,0.039437294,0.49334738,0.004074521,Lake,0.9180092,0.011614355,0.96036685,0.030612191,0.0008047032,80.2503607172475
tile_7000_4500.png(5),Lake,0.38805047,0.35345566,0.4963772,0.3950144,0.004501923,Lake,0.7669425,0.30156857,0.8173224,0.32257548,0.0010583255,76.49170143514226
tile_7500_10500.png(4),Lake,0.5691043,0.0034587265,0.8190304,0.20107727,0.04939003,Lake,0.082333446,0.013613884,0.13430238,0.045518853,0.0016580672,96.6429111300398
tile_7500_10500.png(6),Lake,0.24910037,0.6885068,0.30365607,0.79496545,0.005807927,Lake,0.1791115,0.26315048,0.21647297,0.30234477,0.0014643562,74.78693860993776
tile_7500_10500.png(22),Lake,0.61454713,0.02101419,0.84344906,0.27062523,0.05713645,Lake,0.8538826,0.7449606,0.99341315,0.8452433,0.013992495,75.51038785223793
tile_7500_10500.png(27),Lake,0.24139176,0.4905533,0.28186598,0.5301957,0.0016044962,Lake,0.58662313,0.5780723,0.6140484,0.59177357,0.000375761,76.58074852405385
tile_7500_10500.png(35),Lake,0.8401632,0.7729735,0.98357135,1.0,0.03255746,Lake,0.7425067,0.5987126,0.76334715,0.6128793,0.00029523965,99.0931735768085
tile_7500_10500.png(37),Lake,0.570949,0.0,0.76705295,0.15410231,0.030220069,Lake,0.7017401,0.89130396,0.7296364,0.90728563,0.00044582933,98.52472431482535
tile_7500_10500.png(40),Lake,0.85631675,0.84403,0.99554634,0.9922228,0.020632818,Lake,0.6099216,0.9461644,0.7327116,0.992303,0.0056653586,72.54200274533514
tile_7500_10500.png(46),Lake,0.2896419,0.57886434,0.3138985,0.5984537,0.00047517172,0,0.0,0.0,0.0,0.0,0.0,100.0
tile_7500_10500.png(47),Lake,0.017664654,0.0,0.19529365,0.13430561,0.023856571,0,0.0,0.0,0.0,0.0,0.0,100.0
tile_7500_10500.png(48),Lake,0.5726327,0.44109008,0.5949331,0.45371613,0.0002815663,0,0.0,0.0,0.0,0.0,0.0,100.0
tile_7500_10500.png(49),Lake,0.7040414,0.94371504,0.74018186,0.969654,0.0009374465,0,0.0,0.0,0.0,0.0,0.0,100.0
tile_7500_10500.png(50),Lake,0.6160909,0.8201782,0.6514784,0.8467812,0.0009414135,0,0.0,0.0,0.0,0.0,0.0,100.0
tile_7500_10500.png(51),Lake,0.1933439,0.21872368,0.21283264,0.23469158,0.00031119425,0,0.0,0.0,0.0,0.0,0.0,100.0
tile_7500_10500.png(52),Lake,0.069727674,0.009653737,0.1261174,0.030234708,0.001160555,0,0.0,0.0,0.0,0.0,0.0,100.0
tile_7500_11000.png(8),Lake,0.6823894,0.63898396,0.7328712,0.7337935,0.0047861557,Lake,0.3894398,0.7491467,0.42633983,0.77891654,0.0010985084,77.04821011150975
tile_7500_11000.png(15),Lake,0.494193,0.5927188,0.56377125,0.6370837,0.0030868347,Lake,0.006264315,0.92203206,0.02463795,0.9595405,0.00068916613,77.67401895540438
tile_7500_11000.png(25),Lake,0.0,0.88058704,0.21755238,0.9898529,0.02377105,Lake,0.69817275,0.903124,0.74132407,0.9499669,0.0020213344,91.49665496475754
tile_7500_11000.png(27),Lake,0.0,0.8355538,0.14144073,1.0,0.023259388,Lake,0.3888099,0.69421077,0.41985723,0.71178764,0.0005457152,97.65378521567291
tile_7500_11000.png(33),Lake,0.0,0.7095964,0.24665394,0.99140376,0.069508895,Lake,0.27268997,0.61748344,0.31384164,0.64977276,0.0013287598,98.08836005809042
tile_7500_11000.png(34),Lake,0.008814248,0.84880507,0.07785527,0.9497843,0.0069717076,Lake,0.012395856,0.12935013,0.053559627,0.15996644,0.0012602829,81.92289504511062
tile_7500_11000.png(36),Lake,0.0,0.84957343,0.109094195,0.9586486,0.01189947,Lake,0.19588523,0.8732287,0.21843787,0.887304,0.0003174347,97.33236270186822
tile_7500_11000.png(40),Lake,0.002858013,0.85766125,0.039329696,0.93618965,0.002864063,Lake,0.40340042,0.83031684,0.42706785,0.84821254,0.0004235451,85.21173940657032
tile_7500_11000.png(42),Lake,0.7125703,0.25204536,0.7763883,0.3341093,0.005237155,Lake,0.7431273,0.6910971,0.7683105,0.7069656,0.00039962074,92.36950710834412
tile_7500_11000.png(43),Lake,0.36302933,0.5552384,0.3950586,0.5816304,0.000845316,0,0.0,0.0,0.0,0.0,0.0,100.0
tile_7500_11000.png(44),Lake,0.17475316,0.72796845,0.20818487,0.7493172,0.000713726,0,0.0,0.0,0.0,0.0,0.0,100.0
tile_7500_11000.png(45),Lake,0.24542227,0.4701573,0.28496405,0.4981585,0.0011072181,0,0.0,0.0,0.0,0.0,0.0,100.0
tile_7500_11000.png(46),Lake,0.42240372,0.43850517,0.44725782,0.45275575,0.00035418518,0,0.0,0.0,0.0,0.0,0.0,100.0
tile_7500_11000.png(47),Lake,0.8645838,0.8825968,0.9271607,0.91222286,0.0018539074,0,0.0,0.0,0.0,0.0,0.0,100.0
tile_7500_11000.png(48),Lake,0.3697555,0.689358,0.39948127,0.7096698,0.00060378463,0,0.0,0.0,0.0,0.0,0.0,100.0
tile_7500_11000.png(49),Lake,0.094690435,0.9135966,0.123554505,0.93685764,0.0006714092,0,0.0,0.0,0.0,0.0,0.0,100.0
tile_7500_11000.png(50),Lake,0.27812934,0.09472103,0.3737575,0.13478948,0.0038316732,0,0.0,0.0,0.0,0.0,0.0,100.0
tile_7500_11000.png(51),Lake,0.3715064,0.6044573,0.417838,0.6306807,0.0012149707,0,0.0,0.0,0.0,0.0,0.0,100.0
tile_7500_11000.png(52),Lake,0.39445147,0.2796982,0.4425651,0.300665,0.001008789,0,0.0,0.0,0.0,0.0,0.0,100.0
tile_7500_11000.png(53),Lake,0.37670377,0.686588,0.40478545,0.7116097,0.0007026524,0,0.0,0.0,0.0,0.0,0.0,100.0
tile_7500_11500.png(6),Lake,0.14925113,0.7571278,0.19228785,0.87823695,0.005212139,Lake,0.01886856,0.010135053,0.056612667,0.028798183,0.0007044232,86.48494984496767
tile_7500_11500.png(10),Lake,0.7942473,0.74169654,0.8207555,0.75714725,0.00040956994,0,0.0,0.0,0.0,0.0,0.0,100.0
tile_7500_11500.png(11),Lake,0.20484424,0.9409942,0.24806567,0.9737264,0.001414732,0,0.0,0.0,0.0,0.0,0.0,100.0
tile_7500_11500.png(12),Lake,0.12340168,0.93660563,0.15133335,0.96907085,0.0009068077,0,0.0,0.0,0.0,0.0,0.0,100.0
tile_7500_11500.png(13),Lake,0.78497136,0.739454,0.8185069,0.7597508,0.00068066455,0,0.0,0.0,0.0,0.0,0.0,100.0
tile_7500_11500.png(14),Lake,0.8492527,0.42599607,0.883227,0.4488193,0.0007754035,0,0.0,0.0,0.0,0.0,0.0,100.0
tile_7500_11500.png(15),Lake,0.8956477,0.7298562,0.95093244,0.78902334,0.0032710403,0,0.0,0.0,0.0,0.0,0.0,100.0
tile_7500_11500.png(16),Lake,0.119642295,0.92462677,0.16615276,0.99382687,0.0032185288,0,0.0,0.0,0.0,0.0,0.0,100.0
tile_7500_11500.png(17),Lake,0.14346752,0.8838172,0.18328914,0.91580343,0.0012737439,0,0.0,0.0,0.0,0.0,0.0,100.0
tile_7500_11500.png(18),Lake,0.7981624,0.45849314,0.8321878,0.47752124,0.00064743805,0,0.0,0.0,0.0,0.0,0.0,100.0
tile_7500_12000.png(2),Lake,0.8318186,0.3306307,0.9979044,0.5043535,0.028852902,Lake,0.3601186,0.120915554,0.40171596,0.15302701,0.0013357521,95.37047573238907
tile_7500_12000.png(7),Lake,0.83883935,0.3481937,0.961616,0.47046208,0.015011699,Lake,0.44441482,0.76951665,0.48795387,0.78847784,0.0008255522,94.5006078259363
tile_7500_12000.png(11),Lake,0.8475689,0.85013103,0.911056,0.9117867,0.003914335,Lake,0.3676562,0.13079318,0.39568064,0.15097772,0.0005656601,85.54901151792068
tile_7500_12000.png(12),Lake,0.20967531,0.8644951,0.23298989,0.88730186,0.0005317301,0,0.0,0.0,0.0,0.0,0.0,100.0
tile_7500_12000.png(13),Lake,0.23852943,0.75877285,0.2700876,0.78498757,0.0008272886,0,0.0,0.0,0.0,0.0,0.0,100.0
tile_7500_12000.png(14),Lake,0.20077014,0.85820323,0.23511253,0.881442,0.0007980753,0,0.0,0.0,0.0,0.0,0.0,100.0
tile_7500_12000.png(15),Lake,0.3579454,0.66526,0.39067554,0.6837007,0.00060356536,0,0.0,0.0,0.0,0.0,0.0,100.0
tile_7500_12000.png(16),Lake,0.7529926,0.046845045,0.7886014,0.073817074,0.00096044235,0,0.0,0.0,0.0,0.0,0.0,100.0
tile_7500_12000.png(17),Lake,0.36474243,0.66974515,0.38843322,0.68548936,0.00037299274,0,0.0,0.0,0.0,0.0,0.0,100.0
tile_7500_12000.png(18),Lake,0.22322774,0.7636139,0.26157266,0.7930928,0.0011303663,0,0.0,0.0,0.0,0.0,0.0,100.0
tile_7500_12000.png(19),Lake,0.8076567,0.21115391,0.8376984,0.22784746,0.0005015025,0,0.0,0.0,0.0,0.0,0.0,100.0
tile_7500_12000.png(20),Lake,0.6014138,0.6505371,0.6177777,0.6620563,0.00018850013,0,0.0,0.0,0.0,0.0,0.0,100.0
tile_7500_12000.png(21),Lake,0.21058117,0.8600972,0.23845239,0.8788926,0.00052385,0,0.0,0.0,0.0,0.0,0.0,100.0
tile_7500_12000.png(22),Lake,0.6847076,0.3387826,0.71688765,0.35629994,0.0005637089,0,0.0,0.0,0.0,0.0,0.0,100.0
tile_7500_12000.png(23),Lake,0.6981904,0.34282678,0.72189695,0.35593042,0.00031064203,0,0.0,0.0,0.0,0.0,0.0,100.0
tile_7500_12000.png(24),Lake,0.68998486,0.34402102,0.7109695,0.35894093,0.00031308903,0,0.0,0.0,0.0,0.0,0.0,100.0
tile_7500_12000.png(25),Lake,0.22364047,0.36633366,0.24541347,0.37891716,0.00027398037,0,0.0,0.0,0.0,0.0,0.0,100.0
tile_7500_12000.png(26),Lake,0.41168672,0.11045182,0.45567104,0.13588683,0.0011187419,0,0.0,0.0,0.0,0.0,0.0,100.0
tile_7500_12000.png(27),Lake,0.6022977,0.64431125,0.6249954,0.65585643,0.0002620489,0,0.0,0.0,0.0,0.0,0.0,100.0
tile_7500_12000.png(28),Lake,0.3813952,0.21319555,0.41128674,0.22845113,0.0004560131,0,0.0,0.0,0.0,0.0,0.0,100.0
tile_7500_12000.png(29),Lake,0.4859929,0.13245693,0.53107065,0.16749132,0.001579271,0,0.0,0.0,0.0,0.0,0.0,100.0
tile_7500_12000.png(30),Lake,0.32926995,0.010234672,0.38392034,0.026050616,0.00086434756,0,0.0,0.0,0.0,0.0,0.0,100.0
tile_7500_12000.png(31),Lake,0.3726333,0.6680789,0.39474234,0.6809314,0.00028415612,0,0.0,0.0,0.0,0.0,0.0,100.0
tile_7500_12000.png(32),Lake,0.22497562,0.7460074,0.26803496,0.7862576,0.0017331492,0,0.0,0.0,0.0,0.0,0.0,100.0
tile_7500_12000.png(33),Lake,0.39097562,0.21572042,0.41041523,0.2321436,0.0003192602,0,0.0,0.0,0.0,0.0,0.0,100.0
tile_7500_12000.png(34),Lake,0.1158502,0.19111858,0.13464348,0.20833229,0.00032350188,0,0.0,0.0,0.0,0.0,0.0,100.0
tile_7500_12000.png(35),Lake,0.2184745,0.36524376,0.24230817,0.3850884,0.0004729707,0,0.0,0.0,0.0,0.0,0.0,100.0
tile_7500_12500.png(3),Lake,0.75216675,0.26746258,0.84794754,0.34008363,0.0069557014,Lake,0.6845223,0.8121009,0.715197,0.84205085,0.0009187078,86.79201784021379
tile_7500_12500.png(8),Lake,0.7912137,0.26922032,0.8485614,0.30283338,0.0019276319,Lake,0.5635226,0.9079095,0.59376115,0.9247586,0.0005094927,73.56898378782797
tile_7500_12500.png(13),Lake,0.580356,0.4013228,0.65605694,0.427062,0.0019484811,Lake,0.6769852,0.65106994,0.69260573,0.66141427,0.00016158386,91.7071887430676
tile_7500_12500.png(15),Lake,0.060256165,0.93920994,0.09002312,0.9619425,0.000676679,0,0.0,0.0,0.0,0.0,0.0,100.0
tile_7500_12500.png(16),Lake,0.059349407,0.9511642,0.09085276,0.97695154,0.0008123881,0,0.0,0.0,0.0,0.0,0.0,100.0
tile_7500_12500.png(17),Lake,0.8370387,0.64387006,0.86590356,0.66079086,0.0004884167,0,0.0,0.0,0.0,0.0,0.0,100.0
tile_7500_12500.png(18),Lake,0.46835533,0.1870155,0.5042748,0.21465395,0.0009927582,0,0.0,0.0,0.0,0.0,0.0,100.0
tile_7500_12500.png(19),Lake,0.68625253,0.30423388,0.7369835,0.32465857,0.001036164,0,0.0,0.0,0.0,0.0,0.0,100.0
tile_7500_12500.png(20),Lake,0.5322277,0.8685908,0.5631377,0.88839227,0.0006120646,0,0.0,0.0,0.0,0.0,0.0,100.0
tile_7500_12500.png(21),Lake,0.5290486,0.87209123,0.55875933,0.89218205,0.00059691246,0,0.0,0.0,0.0,0.0,0.0,100.0
tile_7500_12500.png(22),Lake,0.58328414,0.41670257,0.6445917,0.44456616,0.0017082485,0,0.0,0.0,0.0,0.0,0.0,100.0
tile_7500_12500.png(23),Lake,0.47105214,0.1952244,0.5079399,0.22656596,0.0011561189,0,0.0,0.0,0.0,0.0,0.0,100.0
tile_7500_12500.png(24),Lake,0.4517862,0.27071974,0.49560905,0.30639514,0.0015633982,0,0.0,0.0,0.0,0.0,0.0,100.0
tile_7500_12500.png(25),Lake,0.68884605,0.31057057,0.72526234,0.32672343,0.00058822724,0,0.0,0.0,0.0,0.0,0.0,100.0
tile_7500_12500.png(26),Lake,0.5944396,0.64906335,0.6320621,0.67027414,0.0007980019,0,0.0,0.0,0.0,0.0,0.0,100.0
tile_7500_12500.png(27),Lake,0.95677775,0.259716,0.9925625,0.28280824,0.00082634937,0,0.0,0.0,0.0,0.0,0.0,100.0
tile_7500_12500.png(28),Lake,0.50012535,0.42221138,0.5231292,0.43824273,0.0003687833,0,0.0,0.0,0.0,0.0,0.0,100.0
tile_7500_12500.png(29),Lake,0.68667024,0.31251416,0.73604983,0.33485886,0.0011033724,0,0.0,0.0,0.0,0.0,0.0,100.0
tile_7500_12500.png(30),Lake,0.04518628,0.939998,0.095835425,0.97074383,0.0015572517,0,0.0,0.0,0.0,0.0,0.0,100.0
tile_7500_13000.png(7),Lake,0.14775343,0.0,0.36820975,0.08095738,0.017847566,Lake,0.67275023,0.62728333,0.728547,0.66632,0.0021781202,87.79598181623196
tile_7500_13000.png(14),Lake,0.07195147,0.35396793,0.20481518,0.38613904,0.0042743715,Lake,0.31295505,0.7542583,0.33727756,0.77133876,0.00041544027,90.28067003534905
tile_7500_13000.png(15),Lake,0.55833435,0.10396333,0.63857,0.19619147,0.007399986,Lake,0.69299734,0.8574707,0.7211029,0.88049203,0.00064702757,91.25636764718203
tile_7500_13000.png(41),Lake,0.07337084,0.35024515,0.19043343,0.37569436,0.0029791512,Lake,0.7743266,0.40269867,0.8009209,0.42149732,0.0004999366,83.21882420737826
tile_7500_4000.png(7),Lake,0.21090312,0.746975,0.29788637,0.9719615,0.019570056,Lake,0.5910072,0.4900542,0.63641095,0.5225012,0.0014732155,92.47209359033005
tile_7500_4000.png(12),Lake,0.16042496,0.49111184,0.25619337,0.729865,0.02286501,Lake,0.7978467,0.7983996,0.836658,0.82751876,0.0011301521,95.05728578294959
tile_7500_4000.png(16),Lake,0.0,0.78185236,0.2757822,1.0,0.060161233,Lake,0.4751554,0.9265979,0.5438737,0.9483825,0.0014970013,97.51168447628059
tile_7500_4000.png(19),Lake,0.15592097,0.5025251,0.20819561,0.5968021,0.004928298,Lake,0.73528075,0.84698355,0.76567763,0.8606016,0.00041394628,91.60062398824097
tile_7500_4000.png(29),Lake,0.05191021,0.52364695,0.6940357,1.0,0.30587843,Lake,0.008020401,0.0,0.2349809,0.28807947,0.06538266,78.62462547620636
tile_7500_4000.png(31),Lake,0.20083442,0.66125673,0.24259663,0.7102557,0.0020463043,Lake,0.3801399,0.64242697,0.41133294,0.66147107,0.0005940436,70.96992856829749
tile_7500_4000.png(32),Lake,0.7235465,0.26018068,0.79234904,0.2929759,0.0022563944,Lake,0.7604262,0.015622255,0.8001413,0.028895898,0.0005271634,76.63691241212086
tile_7500_4000.png(33),Lake,0.15628095,0.50043356,0.23644312,0.62757486,0.010191922,Lake,0.7615036,0.71138376,0.7908308,0.72726303,0.00046569484,95.43074564346156
tile_7500_4000.png(35),Lake,0.5687061,0.2051138,0.6247871,0.22766653,0.0012647795,0,0.0,0.0,0.0,0.0,0.0,100.0
tile_7500_4000.png(36),Lake,0.017504502,0.35048234,0.30851611,1.0,0.18901718,0,0.0,0.0,0.0,0.0,0.0,100.0
tile_7500_4000.png(37),Lake,0.5691936,0.21213964,0.6110318,0.23644292,0.0010168051,0,0.0,0.0,0.0,0.0,0.0,100.0
tile_7500_4000.png(38),Lake,0.4500425,0.10456019,0.497537,0.13085298,0.0012487631,0,0.0,0.0,0.0,0.0,0.0,100.0
tile_7500_4000.png(39),Lake,0.3337826,0.60770094,0.362901,0.6254453,0.0005166872,0,0.0,0.0,0.0,0.0,0.0,100.0
tile_7500_4000.png(40),Lake,0.8249737,0.16385712,0.85483307,0.1862307,0.0006680611,0,0.0,0.0,0.0,0.0,0.0,100.0
tile_7500_4000.png(41),Lake,0.2031623,0.67633957,0.23945121,0.73007035,0.0019498321,0,0.0,0.0,0.0,0.0,0.0,100.0
tile_7500_4000.png(42),Lake,0.5826672,0.85005903,0.6152274,0.86831945,0.00059456343,0,0.0,0.0,0.0,0.0,0.0,100.0
tile_7500_4500.png(2),Lake,0.24509726,0.1639142,0.435498,0.27136904,0.02045948,Lake,0.5967405,0.6026889,0.637514,0.6315447,0.0011765523,94.24935384477024
tile_7500_4500.png(5),Lake,0.24631873,0.168658,0.40509334,0.24055465,0.011415361,Lake,0.24387918,0.74091643,0.29203492,0.7793816,0.0018523174,83.77346629686087
tile_7500_4500.png(13),Lake,0.24502726,0.17089254,0.3640472,0.22809766,0.0068085506,Lake,0.3261157,0.92635673,0.35762063,0.94386446,0.00055157987,91.89871820883582
tile_7500_5000.png(3),Lake,0.0,0.84168684,0.54415524,1.0,0.086146936,Lake,0.68613327,0.75844014,0.7690627,0.7966105,0.0031654444,96.32552874544487
tile_8000_10500.png(2),Lake,0.044843018,0.3042305,0.10766717,0.50052685,0.012332151,Lake,0.13917238,0.34934112,0.18583845,0.39587995,0.0021717844,82.38924904503683
tile_8000_10500.png(7),Lake,0.6972054,0.5538465,0.793614,0.7379233,0.01774658,Lake,0.5578125,0.06198601,0.5985762,0.10067351,0.0015770447,91.11352891655746
tile_8000_10500.png(11),Lake,0.17736973,0.004283251,0.22623949,0.03149268,0.0013297183,0,0.0,0.0,0.0,0.0,0.0,100.0
tile_8000_10500.png(12),Lake,0.09830239,0.35667902,0.5462653,0.6776364,0.143777,0,0.0,0.0,0.0,0.0,0.0,100.0
tile_8000_10500.png(13),Lake,0.7593004,0.049133163,0.80706835,0.07858102,0.0014066634,0,0.0,0.0,0.0,0.0,0.0,100.0
tile_8000_10500.png(14),Lake,0.1399036,0.21461724,0.16233191,0.24055016,0.0005816315,0,0.0,0.0,0.0,0.0,0.0,100.0
tile_8000_11000.png(2),Lake,0.18228146,0.0,0.37239024,0.21857014,0.041552104,Lake,0.6322166,0.16270895,0.71125984,0.27261734,0.008687519,79.09246906005049
tile_8000_11000.png(3),Lake,0.0038215877,0.017882837,0.13475971,0.24679184,0.029972916,Lake,0.88112366,0.0053880024,0.96714735,0.034086924,0.0024687871,91.76327355002762
tile_8000_11000.png(5),Lake,0.00258407,0.007423073,0.13446406,0.14810674,0.01855336,Lake,0.002393499,0.54927295,0.033735283,0.64734447,0.0030737363,83.43299380812962
tile_8000_11000.png(11),Lake,0.00634557,0.008702302,0.21681152,0.3167602,0.0648357,Lake,0.3303169,0.38376126,0.3713942,0.42772508,0.0018059144,97.21462959449809
tile_8000_11000.png(12),Lake,0.18367453,0.076122165,0.376757,0.21957318,0.027697876,Lake,0.5081236,0.10047412,0.55406386,0.12799363,0.001264254,95.43555614156118
tile_8000_11500.png(5),Lake,0.117906354,0.0903773,0.18595167,0.27891,0.012828766,Lake,0.2302457,0.051550306,0.27605286,0.089706935,0.0017478471,86.3755633238614
tile_8000_11500.png(13),Lake,0.12378617,0.16299097,0.20084469,0.26679614,0.007999073,Lake,0.82487404,0.51989347,0.84739083,0.5329586,0.00029418542,96.32225609142459
tile_8000_11500.png(16),Lake,0.18570489,0.6517028,0.22631498,0.7150289,0.002571677,Lake,0.29382727,0.6027664,0.3246669,0.62066686,0.0005520436,78.53371165974575
tile_8000_11500.png(21),Lake,0.23875427,0.19427459,0.3248306,0.26429912,0.006027454,Lake,0.15746446,0.5756244,0.19028477,0.61435354,0.0012711022,78.91145747441624
tile_8000_12500.png(4),Lake,0.74409264,0.79922575,0.7898982,0.8378398,0.001768738,Lake,0.37948903,0.8482351,0.40332198,0.86687785,0.00044431246,74.87969049118637
tile_8000_12500.png(19),Lake,0.08887316,0.8916089,0.12201589,0.91814643,0.0008795265,0,0.0,0.0,0.0,0.0,0.0,100.0
tile_8000_12500.png(20),Lake,0.0938681,0.88894415,0.12004,0.90868866,0.0005167515,0,0.0,0.0,0.0,0.0,0.0,100.0
tile_8000_12500.png(21),Lake,0.27407843,0.46883804,0.2914291,0.481067,0.00021218079,0,0.0,0.0,0.0,0.0,0.0,100.0
tile_8000_12500.png(22),Lake,0.70229334,0.319056,0.7164386,0.32970828,0.00015067913,0,0.0,0.0,0.0,0.0,0.0,100.0
tile_8000_12500.png(23),Lake,0.36795154,0.70075923,0.39106098,0.71336824,0.000291387,0,0.0,0.0,0.0,0.0,0.0,100.0
tile_8000_12500.png(24),Lake,0.26646084,0.2932683,0.29039416,0.3121043,0.00045080855,0,0.0,0.0,0.0,0.0,0.0,100.0
tile_8000_12500.png(25),Lake,0.5976407,0.24157718,0.61714584,0.2578387,0.00031718324,0,0.0,0.0,0.0,0.0,0.0,100.0
tile_8000_12500.png(26),Lake,0.7495365,0.7820946,0.80187386,0.8277897,0.0023915616,0,0.0,0.0,0.0,0.0,0.0,100.0
tile_8000_12500.png(27),Lake,0.2417829,0.6719199,0.2735315,0.6874079,0.0004917231,0,0.0,0.0,0.0,0.0,0.0,100.0
tile_8000_12500.png(28),Lake,0.5883685,0.23579364,0.6238279,0.25853467,0.00080638344,0,0.0,0.0,0.0,0.0,0.0,100.0
tile_8000_13000.png(2),Lake,0.026966477,0.030475551,0.24538879,0.16705032,0.029830974,Lake,0.3005734,0.2289392,0.3364582,0.25886342,0.0010738244,96.40030392571158
tile_8000_13000.png(5),Lake,0.06614619,0.048618894,0.18322122,0.10522845,0.0066275652,Lake,0.25833425,0.61040777,0.2891232,0.6537809,0.0013354128,79.85062749741036
tile_8000_4500.png(8),Lake,0.64524627,0.2872114,0.71833366,0.32646593,0.0028690125,Lake,0.27963415,0.7956776,0.30396685,0.81599444,0.0004943636,82.76885862295825
tile_8000_4500.png(11),Lake,0.6562385,0.28220096,0.92854875,0.40225038,0.03269069,Lake,0.96851236,0.438483,1.0,0.45766148,0.00060388516,98.15273045628588
tile_8000_5000.png(13),Lake,0.4904309,0.021174032,0.5320241,0.0420384,0.0008678157,Lake,0.32720664,0.8419575,0.34146082,0.854324,0.00017627397,79.68762607083508
tile_8000_5000.png(20),Lake,0.9081012,0.34056395,0.9976163,0.3766746,0.0032324472,Lake,0.21075134,0.741915,0.23635899,0.7625016,0.0005271746,83.69116129723635
tile_8500_11500.png(1),Lake,0.652881,0.100066714,0.77567,0.34297845,0.02982688,Lake,0.34556192,0.6069259,0.3976707,0.7021033,0.004959577,83.37212272956475
tile_8500_11500.png(11),Lake,0.33187816,0.47907576,0.37822574,0.519675,0.0018816777,Lake,0.49771452,0.7418708,0.51575893,0.75589293,0.00025302076,86.5534485528526
tile_8500_11500.png(14),Lake,0.47083312,0.92406267,0.5687961,0.9966621,0.007112054,0,0.0,0.0,0.0,0.0,0.0,100.0
tile_8500_11500.png(15),Lake,0.27620617,0.33307752,0.3741672,0.401048,0.006658459,0,0.0,0.0,0.0,0.0,0.0,100.0
tile_8500_11500.png(16),Lake,0.47199082,0.9072119,0.5449454,0.9695665,0.0045490563,0,0.0,0.0,0.0,0.0,0.0,100.0
tile_8500_11500.png(17),Lake,0.42317507,0.7191756,0.45464754,0.76262015,0.0013673082,0,0.0,0.0,0.0,0.0,0.0,100.0
tile_8500_11500.png(18),Lake,0.4910987,0.7240277,0.5337006,0.75722855,0.0014144192,0,0.0,0.0,0.0,0.0,0.0,100.0
tile_8500_12000.png(4),Lake,0.0031373382,0.24505101,0.10200622,0.573949,0.032517772,Lake,0.04095767,0.65514046,0.097336315,0.69385046,0.0021824173,93.28853987905444
tile_8500_12000.png(10),Lake,0.0067752423,0.18801534,0.06253363,0.24851377,0.003373295,Lake,0.794359,0.73549163,0.8234188,0.76217335,0.00077536464,77.0146210159503
tile_8500_12000.png(21),Lake,0.0,0.17797649,0.49504086,0.77062035,0.2933829,Lake,0.8717806,0.44430372,0.9058558,0.4694295,0.0008561657,99.70817464139866
tile_8500_12000.png(24),Lake,0.607369,0.71350783,0.66230816,0.77053255,0.0031328895,0,0.0,0.0,0.0,0.0,0.0,100.0
tile_8500_12000.png(25),Lake,0.73674923,0.5146739,0.7749722,0.53599185,0.00081483566,0,0.0,0.0,0.0,0.0,0.0,100.0
tile_8500_12000.png(26),Lake,0.5260019,0.87163794,0.55060387,0.8849581,0.00032770223,0,0.0,0.0,0.0,0.0,0.0,100.0
tile_8500_12000.png(27),Lake,0.9171497,0.5394438,0.9406746,0.5585863,0.00045032523,0,0.0,0.0,0.0,0.0,0.0,100.0
tile_8500_12000.png(28),Lake,0.69145226,0.77150995,0.7155959,0.786802,0.00036920566,0,0.0,0.0,0.0,0.0,0.0,100.0
tile_8500_12000.png(29),Lake,0.012727037,0.049221825,0.10669023,0.57439184,0.049346652,0,0.0,0.0,0.0,0.0,0.0,100.0
tile_8500_12000.png(30),Lake,0.12493525,0.6496375,0.14470766,0.66382277,0.0002804767,0,0.0,0.0,0.0,0.0,0.0,100.0
tile_8500_12000.png(31),Lake,0.32233104,0.8078681,0.35506472,0.8311923,0.0007634866,0,0.0,0.0,0.0,0.0,0.0,100.0
tile_8500_12000.png(32),Lake,0.013373524,0.16325903,0.13424897,0.2749006,0.0134947235,0,0.0,0.0,0.0,0.0,0.0,100.0
tile_8500_12000.png(33),Lake,0.3831645,0.60160345,0.39872894,0.61288756,0.00017563092,0,0.0,0.0,0.0,0.0,0.0,100.0
tile_8500_12000.png(34),Lake,0.32371494,0.80300134,0.3666945,0.8267266,0.001019702,0,0.0,0.0,0.0,0.0,0.0,100.0
tile_8500_12000.png(35),Lake,0.59365875,0.9459017,0.64295596,0.9882143,0.0020858943,0,0.0,0.0,0.0,0.0,0.0,100.0
tile_8500_12000.png(36),Lake,0.0,0.38648653,0.10085826,0.5600649,0.017506814,0,0.0,0.0,0.0,0.0,0.0,100.0
tile_8500_12000.png(37),Lake,0.36349812,0.4196179,0.38131386,0.4373818,0.00031647724,0,0.0,0.0,0.0,0.0,0.0,100.0
tile_8500_12000.png(38),Lake,0.31307292,0.8111542,0.35292792,0.8378874,0.0010654526,0,0.0,0.0,0.0,0.0,0.0,100.0
tile_8500_12000.png(39),Lake,0.55826545,0.5193917,0.60727364,0.5524101,0.0016181725,0,0.0,0.0,0.0,0.0,0.0,100.0
tile_8500_12000.png(40),Lake,0.23667042,0.3161227,0.26610562,0.337117,0.00061797077,0,0.0,0.0,0.0,0.0,0.0,100.0
tile_8500_12000.png(41),Lake,0.12300612,0.63888603,0.1553306,0.66358733,0.00079845655,0,0.0,0.0,0.0,0.0,0.0,100.0
tile_8500_12000.png(42),Lake,0.7399808,0.5096687,0.78188354,0.53000015,0.00085194275,0,0.0,0.0,0.0,0.0,0.0,100.0
tile_8500_12500.png(1),Lake,0.20032524,0.096018665,0.29561055,0.28432342,0.017942676,Lake,0.53488153,0.408415,0.59859574,0.45999914,0.0032866434,81.68253497973211
tile_8500_12500.png(14),Lake,0.19153868,0.11705585,0.2939336,0.23802724,0.012386857,Lake,0.28943914,0.91433823,0.34329823,0.9612994,0.0025292865,79.58088561125716
tile_8500_12500.png(16),Lake,0.5117057,0.2710949,0.5808188,0.3112329,0.0027740612,Lake,0.66570204,0.41869852,0.6901478,0.43496028,0.0003975312,85.66970332161381
tile_8500_13000.png(8),Lake,0.06936195,0.7708892,0.11809992,0.8088792,0.0018515544,Lake,0.18614237,0.4896666,0.21698621,0.50697607,0.0005338901,71.165303055638
tile_8500_4500.png(13),Lake,0.9180627,0.06750972,1.0,0.100698866,0.0027194296,Lake,0.87996864,0.35904703,0.9111147,0.37798214,0.000589754,78.31331982265692
tile_8500_4500.png(15),Lake,0.8572494,0.043481804,1.0,0.15472354,0.015879827,Lake,0.6643465,0.8693817,0.69613,0.8897576,0.000647615,95.92177547022395
tile_8500_5000.png(4),Lake,0.0,0.009292761,0.11726272,0.103448346,0.01104094,Lake,0.44502807,0.61111385,0.47932982,0.6565415,0.0015582492,85.88662559528446
tile_9000_10000.png(12),Lake,0.105196536,0.5485584,0.19550632,0.7889664,0.021711195,Lake,0.25612724,0.9361558,0.29270628,0.96424246,0.0010273833,95.26795600150061
tile_9000_10000.png(13),Lake,0.16881652,0.031751122,0.3581426,0.22928916,0.037399106,Lake,0.29099804,0.86585444,0.3197291,0.9079178,0.0012085243,96.76857436110906
tile_9000_10000.png(14),Lake,0.07467623,0.86150277,0.17221685,0.99954003,0.01346424,Lake,0.28124696,0.50033414,0.3243237,0.540643,0.0017363736,87.10381276626084
tile_9000_10000.png(21),Lake,0.12070804,0.56017,0.19355717,0.7033865,0.010433197,0,0.0,0.0,0.0,0.0,0.0,100.0
tile_9000_10000.png(22),Lake,0.27525535,0.72110754,0.31811816,0.7599494,0.0016648703,0,0.0,0.0,0.0,0.0,0.0,100.0
tile_9000_10000.png(23),Lake,0.22873591,0.8446388,0.24924043,0.8595425,0.0003055925,0,0.0,0.0,0.0,0.0,0.0,100.0
tile_9000_10000.png(24),Lake,0.13742667,0.49870998,0.18208,0.5337049,0.0015626387,0,0.0,0.0,0.0,0.0,0.0,100.0
tile_9000_10000.png(25),Lake,0.17677175,0.08653909,0.33914948,0.3209671,0.038065888,0,0.0,0.0,0.0,0.0,0.0,100.0
tile_9000_11500.png(9),Lake,0.7415019,0.6445662,0.84548485,0.74587506,0.010534394,Lake,0.6687332,0.8630598,0.7178125,0.9132921,0.0024653657,76.59698602501483
tile_9000_11500.png(18),Lake,0.5540759,0.6378997,0.60508764,0.72554874,0.0044711307,0,0.0,0.0,0.0,0.0,0.0,100.0
tile_9000_11500.png(19),Lake,0.6373865,0.96419317,0.6945706,0.9941605,0.0017136536,0,0.0,0.0,0.0,0.0,0.0,100.0
tile_9000_11500.png(20),Lake,0.35645095,0.76256895,0.4413086,0.8098244,0.0040099868,0,0.0,0.0,0.0,0.0,0.0,100.0
tile_9000_11500.png(21),Lake,0.7293122,0.76409906,0.81623507,0.80065787,0.003177797,0,0.0,0.0,0.0,0.0,0.0,100.0
tile_9000_11500.png(22),Lake,0.32780167,0.77500707,0.40430275,0.8403414,0.0049981456,0,0.0,0.0,0.0,0.0,0.0,100.0
tile_9000_11500.png(23),Lake,0.77212226,0.8889831,0.840292,0.9339061,0.0030623886,0,0.0,0.0,0.0,0.0,0.0,100.0
tile_9000_11500.png(24),Lake,0.6794633,0.2325127,0.7097103,0.25337413,0.00063099514,0,0.0,0.0,0.0,0.0,0.0,100.0
tile_9000_11500.png(25),Lake,0.73249906,0.41726515,0.7882418,0.50824803,0.0050716354,0,0.0,0.0,0.0,0.0,0.0,100.0
tile_9000_11500.png(26),Lake,0.61010665,0.6463542,0.6729742,0.7038514,0.0036147102,0,0.0,0.0,0.0,0.0,0.0,100.0
tile_9000_11500.png(27),Lake,0.3314538,0.7974043,0.3737359,0.8459,0.0020505006,0,0.0,0.0,0.0,0.0,0.0,100.0
tile_9000_11500.png(28),Lake,0.55751556,0.65512884,0.59862083,0.7117831,0.0023287893,0,0.0,0.0,0.0,0.0,0.0,100.0
tile_9000_11500.png(29),Lake,0.71803033,0.27190182,0.7500309,0.29718396,0.0008090423,0,0.0,0.0,0.0,0.0,0.0,100.0
tile_9000_11500.png(30),Lake,0.57376045,0.76877874,0.6149598,0.80881643,0.001649526,0,0.0,0.0,0.0,0.0,0.0,100.0
tile_9000_11500.png(31),Lake,0.92089987,0.938015,0.9749082,0.97551197,0.0020251486,0,0.0,0.0,0.0,0.0,0.0,100.0
tile_9000_11500.png(32),Lake,0.442785,0.89125997,0.46894914,0.91880226,0.0007206205,0,0.0,0.0,0.0,0.0,0.0,100.0
tile_9000_11500.png(33),Lake,0.6519988,0.15444158,0.70358115,0.18702939,0.0016809554,0,0.0,0.0,0.0,0.0,0.0,100.0
tile_9000_11500.png(34),Lake,0.7427534,0.45112443,0.7894549,0.5030765,0.0024262387,0,0.0,0.0,0.0,0.0,0.0,100.0
tile_9000_12000.png(6),Lake,0.53307676,0.01122129,0.98479646,0.41978905,0.18455811,Lake,0.40590268,0.40902525,0.44156456,0.4407576,0.0011316352,99.38684070832758
tile_9000_12000.png(8),Lake,0.6142872,0.30995974,0.68699694,0.4636304,0.011173354,Lake,0.4734306,0.77672225,0.49438778,0.7914916,0.00030952433,97.22979930645714
tile_9000_12000.png(9),Lake,0.39134127,0.27199587,0.4217384,0.2979667,0.00078943797,Lake,0.42623898,0.5124207,0.44314647,0.5247988,0.00020928246,73.48968912655671
tile_9000_12000.png(12),Lake,0.5700497,0.91139764,0.6236478,0.98962736,0.004192965,Lake,0.2541839,0.37292778,0.2843489,0.39229143,0.00058410456,86.06941484128772
tile_9000_12000.png(14),Lake,0.5193664,0.103805475,0.72493374,0.35731056,0.05211237,Lake,0.4765005,0.7786881,0.49983597,0.7970271,0.00042794982,99.17879417113441
tile_9000_12000.png(18),Lake,0.5099768,0.077290654,0.82780504,0.26214728,0.058752656,Lake,0.9294705,0.06985057,1.0,0.23259051,0.01147797,80.4639129846317
tile_9000_12500.png(13),Lake,0.64792365,0.5873963,0.84902686,0.70387477,0.02342419,Lake,0.003999216,0.20668165,0.026227964,0.2376324,0.00068799616,97.0628817474585
tile_9000_12500.png(21),Lake,0.86715263,0.6973634,0.9306292,0.80114156,0.0065874825,Lake,0.23563646,0.6768213,0.27114388,0.6980976,0.00075546646,88.53178797818438
tile_9000_12500.png(24),Lake,0.7786665,0.6614823,0.83846015,0.70380473,0.0025306141,Lake,0.347293,0.6044168,0.3784859,0.6271985,0.00071062817,71.91874612569336
tile_9000_12500.png(25),Lake,0.14905564,0.22915009,0.2020074,0.2933322,0.0033985549,Lake,0.31449088,0.3900196,0.34291068,0.4171513,0.00077107747,77.31160764829781
tile_9000_4500.png(6),Lake,0.18915986,0.3567696,0.45121643,0.9731523,0.16152716,Lake,0.9398996,0.6233593,1.0,0.68759865,0.0038608075,97.6098090872148
tile_9000_4500.png(8),Lake,0.24275048,0.5992813,0.4480934,0.9866196,0.079537176,Lake,0.090180345,0.0,0.14943507,0.12614524,0.0074747023,90.60225334125516
tile_9000_4500.png(9),Lake,0.2955297,0.68793786,0.44318086,0.9960498,0.045493092,Lake,0.854155,0.40089956,0.90238076,0.43460947,0.0016256862,96.42652075616228
tile_9000_4500.png(11),Lake,0.18869597,0.46290436,0.31481305,0.7455296,0.03564387,Lake,0.9267139,0.009073159,0.9807006,0.031012326,0.0011844239,96.67706144142035
tile_9000_4500.png(12),Lake,0.32940483,0.77662736,0.41110417,0.90572184,0.010546934,Lake,0.3152457,0.50557524,0.3495813,0.53635365,0.0010567955,89.98006908927276
tile_9000_4500.png(13),Lake,0.6326926,0.0051766844,0.70759857,0.03419792,0.0021738643,Lake,0.8961468,0.5078113,0.92700595,0.52652776,0.0005775743,73.43098646957861
tile_9000_5000.png(3),Lake,0.0,0.6672307,0.3283545,1.0,0.10926629,Lake,0.46463552,0.56429744,0.51547563,0.5957237,0.001597714,98.53777958417001
tile_9500_10000.png(6),Lake,0.0072801113,0.0,0.12129276,0.3638614,0.041484803,Lake,0.0909216,0.48617968,0.1599029,0.5421652,0.0038619551,90.69067508889943
tile_9500_10000.png(14),Lake,0.0,0.06728881,0.1577184,0.24509166,0.028042784,Lake,0.30187628,0.13485405,0.33591002,0.16327757,0.00096735876,96.55041824663344
tile_9500_10000.png(15),Lake,0.0034535646,0.13812165,0.10736225,0.2353332,0.010101125,Lake,0.3648068,0.07907213,0.39968154,0.10045662,0.0007457783,92.61687881300351
tile_9500_11500.png(8),Lake,0.478396,0.1465536,0.5940341,0.3613616,0.024839982,Lake,0.40677562,0.0027738034,0.46239877,0.043432675,0.0022615744,90.89542657478576
tile_9500_11500.png(15),Lake,0.80038613,0.12864386,0.9855943,0.3057259,0.03279704,Lake,0.52457756,0.8952406,0.588695,0.96772575,0.0046475613,85.82932697584904
tile_9500_11500.png(32),Lake,0.49944144,0.7611767,0.56440735,0.8298628,0.0044622524,Lake,0.34071508,0.8163759,0.37096405,0.8342661,0.0005411606,87.87247893014748
tile_9500_11500.png(33),Lake,0.6875197,0.007670212,0.75960505,0.030934755,0.001677032,0,0.0,0.0,0.0,0.0,0.0,100.0
tile_9500_11500.png(34),Lake,0.3075367,0.9636287,0.34326428,0.9922736,0.001023414,0,0.0,0.0,0.0,0.0,0.0,100.0
tile_9500_11500.png(35),Lake,0.80631536,0.5806472,0.8447509,0.6185805,0.0014579879,0,0.0,0.0,0.0,0.0,0.0,100.0
tile_9500_11500.png(36),Lake,0.3059443,0.97739583,0.3384826,0.9955029,0.00058917276,0,0.0,0.0,0.0,0.0,0.0,100.0
tile_9500_11500.png(37),Lake,0.8046964,0.49163947,0.8608894,0.5491254,0.0032303054,0,0.0,0.0,0.0,0.0,0.0,100.0
tile_9500_11500.png(38),Lake,0.7330756,0.04423153,0.9288659,0.18688849,0.027930846,0,0.0,0.0,0.0,0.0,0.0,100.0
tile_9500_11500.png(39),Lake,0.69023776,0.8011717,0.73446023,0.8350933,0.0015000971,0,0.0,0.0,0.0,0.0,0.0,100.0
tile_9500_11500.png(40),Lake,0.80292743,0.009209352,0.8645176,0.056022383,0.0028832238,0,0.0,0.0,0.0,0.0,0.0,100.0
tile_9500_11500.png(41),Lake,0.5304431,0.47610712,0.57253146,0.5004718,0.0010254689,0,0.0,0.0,0.0,0.0,0.0,100.0
tile_9500_12000.png(3),Lake,0.48229358,0.0048995614,0.5442757,0.08910821,0.0052194307,Lake,0.3040783,0.6795862,0.3331122,0.7209744,0.0012016612,76.97715959711851
tile_9500_12000.png(12),Lake,0.11087978,0.92182064,0.14829282,0.9731478,0.0019203058,Lake,0.3040394,0.806781,0.33263865,0.82565403,0.0005397549,71.89224237098071
tile_9500_12000.png(14),Lake,0.27177063,0.58318853,0.32793275,0.6473094,0.003601165,Lake,0.46156007,0.061349552,0.491527,0.0779336,0.00049697293,86.1996623314955
tile_9500_4500.png(8),Lake,0.8192212,0.41231862,0.988161,1.0,0.09928279,Lake,0.53401977,0.022529159,0.5880208,0.042182907,0.0010613227,98.9310103996876
tile_9500_4500.png(10),Lake,0.46459183,0.009063772,0.55132616,0.06334891,0.0047083846,Lake,0.7187877,0.25330344,0.7595541,0.27965423,0.001074226,77.18482895386242
tile_9500_4500.png(11),Lake,0.93653005,0.873885,0.99252844,0.98512137,0.0062290584,Lake,0.72244954,0.25076517,0.7700352,0.27619597,0.0012101415,80.57264160502974
tile_9500_4500.png(17),Lake,0.67017984,0.24336374,0.74261445,0.34872147,0.007631546,Lake,0.5353487,0.033910125,0.58506393,0.061802108,0.0013866561,81.82994507272838
tile_9500_5000.png(14),Lake,0.5687899,0.31272718,0.6474184,0.36791107,0.0043390254,Lake,0.052566256,0.3874651,0.08506619,0.42111203,0.0010935235,74.79794656191687
tile_9500_5000.png(15),Lake,0.33617234,0.72921675,0.37922987,0.76910937,0.0017176775,Lake,0.4346125,0.61262316,0.46192613,0.6288626,0.00044355856,74.17684285903493
tile_9500_5000.png(16),Lake,0.15070693,0.911166,0.1997685,0.9421808,0.0015216346,Lake,0.76702005,0.15268229,0.7932307,0.16931634,0.00043598944,71.34729717633917
tile_9500_9500.png(2),Lake,0.94845486,0.738084,1.0,0.8257368,0.0045180763,0,0.0,0.0,0.0,0.0,0.0,100.0
tile_9500_9500.png(3),Lake,0.837062,0.25678545,0.8787757,0.2917173,0.0014571367,0,0.0,0.0,0.0,0.0,0.0,100.0
tile_9500_9500.png(4),Lake,0.8396059,0.2634753,0.87571794,0.2858516,0.0008080531,0,0.0,0.0,0.0,0.0,0.0,100.0
tile_9500_9500.png(5),Lake,0.9670796,0.85958844,0.99714774,0.8773279,0.00053339335,0,0.0,0.0,0.0,0.0,0.0,100.0
tile_9500_9500.png(6),Lake,0.9626303,0.86329883,0.9944855,0.88189644,0.0005924308,0,0.0,0.0,0.0,0.0,0.0,100.0
